/*
 Navicat Premium Data Transfer

 Source Server         : 152.136.252.140
 Source Server Type    : MySQL
 Source Server Version : 50735
 Source Host           : 152.136.252.140:3306
 Source Schema         : ruoyiact

 Target Server Type    : MySQL
 Target Server Version : 50735
 File Encoding         : 65001

 Date: 27/09/2021 11:31:32
*/

SET NAMES utf8mb4;
SET FOREIGN_KEY_CHECKS = 0;

-- ----------------------------
-- Table structure for act_evt_log
-- ----------------------------
DROP TABLE IF EXISTS `act_evt_log`;
CREATE TABLE `act_evt_log`  (
  `LOG_NR_` bigint(20) NOT NULL AUTO_INCREMENT,
  `TYPE_` varchar(64) CHARACTER SET utf8 COLLATE utf8_bin NULL DEFAULT NULL,
  `PROC_DEF_ID_` varchar(64) CHARACTER SET utf8 COLLATE utf8_bin NULL DEFAULT NULL,
  `PROC_INST_ID_` varchar(64) CHARACTER SET utf8 COLLATE utf8_bin NULL DEFAULT NULL,
  `EXECUTION_ID_` varchar(64) CHARACTER SET utf8 COLLATE utf8_bin NULL DEFAULT NULL,
  `TASK_ID_` varchar(64) CHARACTER SET utf8 COLLATE utf8_bin NULL DEFAULT NULL,
  `TIME_STAMP_` timestamp(3) NOT NULL DEFAULT CURRENT_TIMESTAMP(3) ON UPDATE CURRENT_TIMESTAMP(3),
  `USER_ID_` varchar(255) CHARACTER SET utf8 COLLATE utf8_bin NULL DEFAULT NULL,
  `DATA_` longblob NULL,
  `LOCK_OWNER_` varchar(255) CHARACTER SET utf8 COLLATE utf8_bin NULL DEFAULT NULL,
  `LOCK_TIME_` timestamp(3) NULL DEFAULT NULL,
  `IS_PROCESSED_` tinyint(4) NULL DEFAULT 0,
  PRIMARY KEY (`LOG_NR_`) USING BTREE
) ENGINE = InnoDB AUTO_INCREMENT = 1 CHARACTER SET = utf8 COLLATE = utf8_bin ROW_FORMAT = Dynamic;

-- ----------------------------
-- Records of act_evt_log
-- ----------------------------

-- ----------------------------
-- Table structure for act_ge_bytearray
-- ----------------------------
DROP TABLE IF EXISTS `act_ge_bytearray`;
CREATE TABLE `act_ge_bytearray`  (
  `ID_` varchar(64) CHARACTER SET utf8 COLLATE utf8_bin NOT NULL,
  `REV_` int(11) NULL DEFAULT NULL,
  `NAME_` varchar(255) CHARACTER SET utf8 COLLATE utf8_bin NULL DEFAULT NULL,
  `DEPLOYMENT_ID_` varchar(64) CHARACTER SET utf8 COLLATE utf8_bin NULL DEFAULT NULL,
  `BYTES_` longblob NULL,
  `GENERATED_` tinyint(4) NULL DEFAULT NULL,
  PRIMARY KEY (`ID_`) USING BTREE,
  INDEX `ACT_FK_BYTEARR_DEPL`(`DEPLOYMENT_ID_`) USING BTREE,
  CONSTRAINT `ACT_FK_BYTEARR_DEPL` FOREIGN KEY (`DEPLOYMENT_ID_`) REFERENCES `act_re_deployment` (`ID_`) ON DELETE RESTRICT ON UPDATE RESTRICT
) ENGINE = InnoDB CHARACTER SET = utf8 COLLATE = utf8_bin ROW_FORMAT = Dynamic;

-- ----------------------------
-- Records of act_ge_bytearray
-- ----------------------------
INSERT INTO `act_ge_bytearray` VALUES ('b2e0bbf4-04bf-11ec-8e93-6c4b90f9f865', 1, 'leave.bpmn', 'b2e0bbf3-04bf-11ec-8e93-6c4b90f9f865', 0x3C3F786D6C2076657273696F6E3D22312E302220656E636F64696E673D225554462D38223F3E0A3C646566696E6974696F6E7320786D6C6E733D22687474703A2F2F7777772E6F6D672E6F72672F737065632F42504D4E2F32303130303532342F4D4F44454C2220786D6C6E733A7873693D22687474703A2F2F7777772E77332E6F72672F323030312F584D4C536368656D612D696E7374616E63652220786D6C6E733A61637469766974693D22687474703A2F2F61637469766974692E6F72672F62706D6E2220786D6C6E733A62706D6E64693D22687474703A2F2F7777772E6F6D672E6F72672F737065632F42504D4E2F32303130303532342F44492220786D6C6E733A6F6D6764633D22687474703A2F2F7777772E6F6D672E6F72672F737065632F44442F32303130303532342F44432220786D6C6E733A6F6D6764693D22687474703A2F2F7777772E6F6D672E6F72672F737065632F44442F32303130303532342F44492220786D6C6E733A7873643D22687474703A2F2F7777772E77332E6F72672F323030312F584D4C536368656D6122207461726765744E616D6573706163653D22687474703A2F2F7777772E6B6166656974752E6D652F61637469766974692F6C65617665223E0A20203C70726F636573732069643D226C6561766522206E616D653D22E8AFB7E58187E6B581E7A88B2DE699AEE9809AE8A1A8E58D952220697345786563757461626C653D2274727565223E0A202020203C646F63756D656E746174696F6E3EE8AFB7E58187E6B581E7A88BE6BC94E7A4BA3C2F646F63756D656E746174696F6E3E0A202020203C73746172744576656E742069643D2273746172746576656E743122206E616D653D22537461727422202F3E0A202020203C757365725461736B2069643D22646570744C656164657256657269667922206E616D653D22E983A8E997A8E9A286E5AFBCE5AEA1E689B9222061637469766974693A666F726D4B65793D22646570744C6561646572566572696679222061637469766974693A63616E64696461746555736572733D22247B646570744C65616465727D223E0A2020202020203C657874656E73696F6E456C656D656E74733E0A20202020202020203C61637469766974693A666F726D50726F70657274792069643D22466F726D50726F70657274795F337169706973322D2D5F5F2121726164696F2D2D5F5F2121E5AEA1E689B9E6848FE8A7812D2D5F5F2121692D2D5F5F2121E5908CE6848F2D2D5F5F2D2DE4B88DE5908CE6848F2220747970653D22737472696E6722202F3E0A20202020202020203C61637469766974693A666F726D50726F70657274792069643D22466F726D50726F70657274795F306C666670636D2D2D5F5F212174657874617265612D2D5F5F2121E689B9E6B3A82D2D5F5F2121665F5F21216E756C6C2220747970653D22737472696E6722202F3E0A2020202020203C2F657874656E73696F6E456C656D656E74733E0A202020203C2F757365725461736B3E0A202020203C6578636C7573697665476174657761792069643D226578636C75736976656761746577617935223E0A2020202020203C6F7574676F696E673E466C6F775F30713362626A6C3C2F6F7574676F696E673E0A202020203C2F6578636C7573697665476174657761793E0A202020203C757365725461736B2069643D22687256657269667922206E616D653D22E4BABAE4BA8BE5AEA1E689B9222061637469766974693A666F726D4B65793D226872566572696679222061637469766974693A63616E64696461746547726F7570733D226872223E0A2020202020203C657874656E73696F6E456C656D656E74733E0A20202020202020203C61637469766974693A666F726D50726F70657274792069643D22466F726D50726F70657274795F32337539356A622D2D5F5F2121726164696F2D2D5F5F2121E5AEA1E689B9E6848FE8A7812D2D5F5F2121692D2D5F5F2121E5908CE6848F2D2D5F5F2D2DE4B88DE5908CE6848F2220747970653D22737472696E6722202F3E0A20202020202020203C61637469766974693A666F726D50726F70657274792069643D22466F726D50726F70657274795F33743774666B762D2D5F5F212174657874617265612D2D5F5F2121E689B9E6B3A82D2D5F5F2121662D2D5F5F21216E756C6C2220747970653D22737472696E6722202F3E0A2020202020203C2F657874656E73696F6E456C656D656E74733E0A202020203C2F757365725461736B3E0A202020203C6578636C7573697665476174657761792069643D226578636C75736976656761746577617936223E0A2020202020203C6F7574676F696E673E466C6F775F307038353935343C2F6F7574676F696E673E0A2020202020203C6F7574676F696E673E466C6F775F306A69377163763C2F6F7574676F696E673E0A202020203C2F6578636C7573697665476174657761793E0A202020203C656E644576656E742069643D22656E646576656E743122206E616D653D22456E64223E0A2020202020203C696E636F6D696E673E466C6F775F307038353935343C2F696E636F6D696E673E0A2020202020203C696E636F6D696E673E466C6F775F306A69377163763C2F696E636F6D696E673E0A2020202020203C696E636F6D696E673E466C6F775F30713362626A6C3C2F696E636F6D696E673E0A202020203C2F656E644576656E743E0A202020203C73657175656E6365466C6F772069643D22666C6F77322220736F757263655265663D2273746172746576656E743122207461726765745265663D22646570744C656164657256657269667922202F3E0A202020203C73657175656E6365466C6F772069643D22666C6F77332220736F757263655265663D22646570744C656164657256657269667922207461726765745265663D226578636C7573697665676174657761793522202F3E0A202020203C73657175656E6365466C6F772069643D22666C6F773522206E616D653D22E5908CE6848F2220736F757263655265663D226578636C7573697665676174657761793522207461726765745265663D226872566572696679223E0A2020202020203C636F6E646974696F6E45787072657373696F6E207873693A747970653D2274466F726D616C45787072657373696F6E223E247B466F726D50726F70657274795F337169706973323D3D307D3C2F636F6E646974696F6E45787072657373696F6E3E0A202020203C2F73657175656E6365466C6F773E0A202020203C73657175656E6365466C6F772069643D22666C6F77362220736F757263655265663D22687256657269667922207461726765745265663D226578636C7573697665676174657761793622202F3E0A202020203C73657175656E6365466C6F772069643D22466C6F775F307038353935342220736F757263655265663D226578636C7573697665676174657761793622207461726765745265663D22656E646576656E7431223E0A2020202020203C657874656E73696F6E456C656D656E74733E0A20202020202020203C61637469766974693A657865637574696F6E4C697374656E657220636C6173733D22636F6D2E72756F79692E6C656176652E696E7374656E65722E4C65617665456E6453746174654C697374656E657222206576656E743D2274616B65223E0A202020202020202020203C61637469766974693A6669656C64206E616D653D227374617465223E0A2020202020202020202020203C61637469766974693A737472696E673E313C2F61637469766974693A737472696E673E0A202020202020202020203C2F61637469766974693A6669656C643E0A20202020202020203C2F61637469766974693A657865637574696F6E4C697374656E65723E0A2020202020203C2F657874656E73696F6E456C656D656E74733E0A2020202020203C636F6E646974696F6E45787072657373696F6E207873693A747970653D2274466F726D616C45787072657373696F6E223E247B466F726D50726F70657274795F32337539356A623D3D307D3C2F636F6E646974696F6E45787072657373696F6E3E0A202020203C2F73657175656E6365466C6F773E0A202020203C73657175656E6365466C6F772069643D22466C6F775F306A69377163762220736F757263655265663D226578636C7573697665676174657761793622207461726765745265663D22656E646576656E7431223E0A2020202020203C657874656E73696F6E456C656D656E74733E0A20202020202020203C61637469766974693A657865637574696F6E4C697374656E657220636C6173733D22636F6D2E72756F79692E6C656176652E696E7374656E65722E4C65617665456E6453746174654C697374656E657222206576656E743D2274616B65223E0A202020202020202020203C61637469766974693A6669656C64206E616D653D227374617465223E0A2020202020202020202020203C61637469766974693A737472696E673E323C2F61637469766974693A737472696E673E0A202020202020202020203C2F61637469766974693A6669656C643E0A20202020202020203C2F61637469766974693A657865637574696F6E4C697374656E65723E0A2020202020203C2F657874656E73696F6E456C656D656E74733E0A202020203C2F73657175656E6365466C6F773E0A202020203C73657175656E6365466C6F772069643D22466C6F775F30713362626A6C2220736F757263655265663D226578636C7573697665676174657761793522207461726765745265663D22656E646576656E7431223E0A2020202020203C657874656E73696F6E456C656D656E74733E0A20202020202020203C61637469766974693A657865637574696F6E4C697374656E657220636C6173733D22636F6D2E72756F79692E6C656176652E696E7374656E65722E4C65617665456E6453746174654C697374656E657222206576656E743D2274616B65223E0A202020202020202020203C61637469766974693A6669656C64206E616D653D227374617465223E0A2020202020202020202020203C61637469766974693A737472696E673E323C2F61637469766974693A737472696E673E0A202020202020202020203C2F61637469766974693A6669656C643E0A20202020202020203C2F61637469766974693A657865637574696F6E4C697374656E65723E0A2020202020203C2F657874656E73696F6E456C656D656E74733E0A202020203C2F73657175656E6365466C6F773E0A20203C2F70726F636573733E0A20203C62706D6E64693A42504D4E4469616772616D2069643D2242504D4E4469616772616D5F6C65617665223E0A202020203C62706D6E64693A42504D4E506C616E652069643D2242504D4E506C616E655F6C65617665222062706D6E456C656D656E743D226C65617665223E0A2020202020203C62706D6E64693A42504D4E456467652069643D22466C6F775F30713362626A6C5F6469222062706D6E456C656D656E743D22466C6F775F30713362626A6C223E0A20202020202020203C6F6D6764693A776179706F696E7420783D223236302220793D22383322202F3E0A20202020202020203C6F6D6764693A776179706F696E7420783D223236302220793D2231343022202F3E0A20202020202020203C6F6D6764693A776179706F696E7420783D223538322220793D2231343022202F3E0A2020202020203C2F62706D6E64693A42504D4E456467653E0A2020202020203C62706D6E64693A42504D4E456467652069643D22466C6F775F306A69377163765F6469222062706D6E456C656D656E743D22466C6F775F306A6937716376223E0A20202020202020203C6F6D6764693A776179706F696E7420783D223530352220793D22383322202F3E0A20202020202020203C6F6D6764693A776179706F696E7420783D223530352220793D2231343022202F3E0A20202020202020203C6F6D6764693A776179706F696E7420783D223538322220793D2231343022202F3E0A2020202020203C2F62706D6E64693A42504D4E456467653E0A2020202020203C62706D6E64693A42504D4E456467652069643D22466C6F775F307038353935345F6469222062706D6E456C656D656E743D22466C6F775F30703835393534223E0A20202020202020203C6F6D6764693A776179706F696E7420783D223532352220793D22363322202F3E0A20202020202020203C6F6D6764693A776179706F696E7420783D223630302220793D22363322202F3E0A20202020202020203C6F6D6764693A776179706F696E7420783D223630302220793D2231323222202F3E0A2020202020203C2F62706D6E64693A42504D4E456467653E0A2020202020203C62706D6E64693A42504D4E456467652069643D2242504D4E456467655F666C6F7736222062706D6E456C656D656E743D22666C6F7736223E0A20202020202020203C6F6D6764693A776179706F696E7420783D223435332220793D22363322202F3E0A20202020202020203C6F6D6764693A776179706F696E7420783D223438352220793D22363322202F3E0A2020202020203C2F62706D6E64693A42504D4E456467653E0A2020202020203C62706D6E64693A42504D4E456467652069643D2242504D4E456467655F666C6F7735222062706D6E456C656D656E743D22666C6F7735223E0A20202020202020203C6F6D6764693A776179706F696E7420783D223238302220793D22363322202F3E0A20202020202020203C6F6D6764693A776179706F696E7420783D223334382220793D22363322202F3E0A20202020202020203C62706D6E64693A42504D4E4C6162656C3E0A202020202020202020203C6F6D6764633A426F756E647320783D223330302220793D223436222077696474683D22323222206865696768743D22313122202F3E0A20202020202020203C2F62706D6E64693A42504D4E4C6162656C3E0A2020202020203C2F62706D6E64693A42504D4E456467653E0A2020202020203C62706D6E64693A42504D4E456467652069643D2242504D4E456467655F666C6F7733222062706D6E456C656D656E743D22666C6F7733223E0A20202020202020203C6F6D6764693A776179706F696E7420783D223138352220793D22363322202F3E0A20202020202020203C6F6D6764693A776179706F696E7420783D223234302220793D22363322202F3E0A2020202020203C2F62706D6E64693A42504D4E456467653E0A2020202020203C62706D6E64693A42504D4E456467652069643D2242504D4E456467655F666C6F7732222062706D6E456C656D656E743D22666C6F7732223E0A20202020202020203C6F6D6764693A776179706F696E7420783D2233352220793D22363322202F3E0A20202020202020203C6F6D6764693A776179706F696E7420783D2238302220793D22363322202F3E0A2020202020203C2F62706D6E64693A42504D4E456467653E0A2020202020203C62706D6E64693A42504D4E53686170652069643D2242504D4E53686170655F73746172746576656E7431222062706D6E456C656D656E743D2273746172746576656E7431223E0A20202020202020203C6F6D6764633A426F756E647320783D22302220793D223436222077696474683D22333522206865696768743D22333522202F3E0A20202020202020203C62706D6E64693A42504D4E4C6162656C3E0A202020202020202020203C6F6D6764633A426F756E647320783D22352220793D223831222077696474683D22323522206865696768743D22313422202F3E0A20202020202020203C2F62706D6E64693A42504D4E4C6162656C3E0A2020202020203C2F62706D6E64693A42504D4E53686170653E0A2020202020203C62706D6E64693A42504D4E53686170652069643D2242504D4E53686170655F646570744C6561646572566572696679222062706D6E456C656D656E743D22646570744C6561646572566572696679223E0A20202020202020203C6F6D6764633A426F756E647320783D2238302220793D223336222077696474683D2231303522206865696768743D22353522202F3E0A2020202020203C2F62706D6E64693A42504D4E53686170653E0A2020202020203C62706D6E64693A42504D4E53686170652069643D2242504D4E53686170655F6578636C75736976656761746577617935222062706D6E456C656D656E743D226578636C75736976656761746577617935222069734D61726B657256697369626C653D2274727565223E0A20202020202020203C6F6D6764633A426F756E647320783D223234302220793D223433222077696474683D22343022206865696768743D22343022202F3E0A2020202020203C2F62706D6E64693A42504D4E53686170653E0A2020202020203C62706D6E64693A42504D4E53686170652069643D2242504D4E53686170655F6872566572696679222062706D6E456C656D656E743D226872566572696679223E0A20202020202020203C6F6D6764633A426F756E647320783D223334382220793D223336222077696474683D2231303522206865696768743D22353522202F3E0A2020202020203C2F62706D6E64693A42504D4E53686170653E0A2020202020203C62706D6E64693A42504D4E53686170652069643D2242504D4E53686170655F6578636C75736976656761746577617936222062706D6E456C656D656E743D226578636C75736976656761746577617936222069734D61726B657256697369626C653D2274727565223E0A20202020202020203C6F6D6764633A426F756E647320783D223438352220793D223433222077696474683D22343022206865696768743D22343022202F3E0A2020202020203C2F62706D6E64693A42504D4E53686170653E0A2020202020203C62706D6E64693A42504D4E53686170652069643D2242504D4E53686170655F656E646576656E7431222062706D6E456C656D656E743D22656E646576656E7431223E0A20202020202020203C6F6D6764633A426F756E647320783D223538322220793D22313232222077696474683D22333522206865696768743D22333522202F3E0A20202020202020203C62706D6E64693A42504D4E4C6162656C3E0A202020202020202020203C6F6D6764633A426F756E647320783D223539302220793D22313537222077696474683D22323022206865696768743D22313422202F3E0A20202020202020203C2F62706D6E64693A42504D4E4C6162656C3E0A2020202020203C2F62706D6E64693A42504D4E53686170653E0A202020203C2F62706D6E64693A42504D4E506C616E653E0A20203C2F62706D6E64693A42504D4E4469616772616D3E0A3C2F646566696E6974696F6E733E0A, 0);

-- ----------------------------
-- Table structure for act_ge_property
-- ----------------------------
DROP TABLE IF EXISTS `act_ge_property`;
CREATE TABLE `act_ge_property`  (
  `NAME_` varchar(64) CHARACTER SET utf8 COLLATE utf8_bin NOT NULL,
  `VALUE_` varchar(300) CHARACTER SET utf8 COLLATE utf8_bin NULL DEFAULT NULL,
  `REV_` int(11) NULL DEFAULT NULL,
  PRIMARY KEY (`NAME_`) USING BTREE
) ENGINE = InnoDB CHARACTER SET = utf8 COLLATE = utf8_bin ROW_FORMAT = Dynamic;

-- ----------------------------
-- Records of act_ge_property
-- ----------------------------
INSERT INTO `act_ge_property` VALUES ('cfg.execution-related-entities-count', 'false', 1);
INSERT INTO `act_ge_property` VALUES ('next.dbid', '1', 1);
INSERT INTO `act_ge_property` VALUES ('schema.history', 'create(7.0.0.0)', 1);
INSERT INTO `act_ge_property` VALUES ('schema.version', '7.0.0.0', 1);

-- ----------------------------
-- Table structure for act_hi_actinst
-- ----------------------------
DROP TABLE IF EXISTS `act_hi_actinst`;
CREATE TABLE `act_hi_actinst`  (
  `ID_` varchar(64) CHARACTER SET utf8 COLLATE utf8_bin NOT NULL,
  `PROC_DEF_ID_` varchar(64) CHARACTER SET utf8 COLLATE utf8_bin NOT NULL,
  `PROC_INST_ID_` varchar(64) CHARACTER SET utf8 COLLATE utf8_bin NOT NULL,
  `EXECUTION_ID_` varchar(64) CHARACTER SET utf8 COLLATE utf8_bin NOT NULL,
  `ACT_ID_` varchar(255) CHARACTER SET utf8 COLLATE utf8_bin NOT NULL,
  `TASK_ID_` varchar(64) CHARACTER SET utf8 COLLATE utf8_bin NULL DEFAULT NULL,
  `CALL_PROC_INST_ID_` varchar(64) CHARACTER SET utf8 COLLATE utf8_bin NULL DEFAULT NULL,
  `ACT_NAME_` varchar(255) CHARACTER SET utf8 COLLATE utf8_bin NULL DEFAULT NULL,
  `ACT_TYPE_` varchar(255) CHARACTER SET utf8 COLLATE utf8_bin NOT NULL,
  `ASSIGNEE_` varchar(255) CHARACTER SET utf8 COLLATE utf8_bin NULL DEFAULT NULL,
  `START_TIME_` datetime(3) NOT NULL,
  `END_TIME_` datetime(3) NULL DEFAULT NULL,
  `DURATION_` bigint(20) NULL DEFAULT NULL,
  `DELETE_REASON_` varchar(4000) CHARACTER SET utf8 COLLATE utf8_bin NULL DEFAULT NULL,
  `TENANT_ID_` varchar(255) CHARACTER SET utf8 COLLATE utf8_bin NULL DEFAULT '',
  PRIMARY KEY (`ID_`) USING BTREE,
  INDEX `ACT_IDX_HI_ACT_INST_START`(`START_TIME_`) USING BTREE,
  INDEX `ACT_IDX_HI_ACT_INST_END`(`END_TIME_`) USING BTREE,
  INDEX `ACT_IDX_HI_ACT_INST_PROCINST`(`PROC_INST_ID_`, `ACT_ID_`) USING BTREE,
  INDEX `ACT_IDX_HI_ACT_INST_EXEC`(`EXECUTION_ID_`, `ACT_ID_`) USING BTREE
) ENGINE = InnoDB CHARACTER SET = utf8 COLLATE = utf8_bin ROW_FORMAT = Dynamic;

-- ----------------------------
-- Records of act_hi_actinst
-- ----------------------------

-- ----------------------------
-- Table structure for act_hi_attachment
-- ----------------------------
DROP TABLE IF EXISTS `act_hi_attachment`;
CREATE TABLE `act_hi_attachment`  (
  `ID_` varchar(64) CHARACTER SET utf8 COLLATE utf8_bin NOT NULL,
  `REV_` int(11) NULL DEFAULT NULL,
  `USER_ID_` varchar(255) CHARACTER SET utf8 COLLATE utf8_bin NULL DEFAULT NULL,
  `NAME_` varchar(255) CHARACTER SET utf8 COLLATE utf8_bin NULL DEFAULT NULL,
  `DESCRIPTION_` varchar(4000) CHARACTER SET utf8 COLLATE utf8_bin NULL DEFAULT NULL,
  `TYPE_` varchar(255) CHARACTER SET utf8 COLLATE utf8_bin NULL DEFAULT NULL,
  `TASK_ID_` varchar(64) CHARACTER SET utf8 COLLATE utf8_bin NULL DEFAULT NULL,
  `PROC_INST_ID_` varchar(64) CHARACTER SET utf8 COLLATE utf8_bin NULL DEFAULT NULL,
  `URL_` varchar(4000) CHARACTER SET utf8 COLLATE utf8_bin NULL DEFAULT NULL,
  `CONTENT_ID_` varchar(64) CHARACTER SET utf8 COLLATE utf8_bin NULL DEFAULT NULL,
  `TIME_` datetime(3) NULL DEFAULT NULL,
  PRIMARY KEY (`ID_`) USING BTREE
) ENGINE = InnoDB CHARACTER SET = utf8 COLLATE = utf8_bin ROW_FORMAT = Dynamic;

-- ----------------------------
-- Records of act_hi_attachment
-- ----------------------------

-- ----------------------------
-- Table structure for act_hi_comment
-- ----------------------------
DROP TABLE IF EXISTS `act_hi_comment`;
CREATE TABLE `act_hi_comment`  (
  `ID_` varchar(64) CHARACTER SET utf8 COLLATE utf8_bin NOT NULL,
  `TYPE_` varchar(255) CHARACTER SET utf8 COLLATE utf8_bin NULL DEFAULT NULL,
  `TIME_` datetime(3) NOT NULL,
  `USER_ID_` varchar(255) CHARACTER SET utf8 COLLATE utf8_bin NULL DEFAULT NULL,
  `TASK_ID_` varchar(64) CHARACTER SET utf8 COLLATE utf8_bin NULL DEFAULT NULL,
  `PROC_INST_ID_` varchar(64) CHARACTER SET utf8 COLLATE utf8_bin NULL DEFAULT NULL,
  `ACTION_` varchar(255) CHARACTER SET utf8 COLLATE utf8_bin NULL DEFAULT NULL,
  `MESSAGE_` varchar(4000) CHARACTER SET utf8 COLLATE utf8_bin NULL DEFAULT NULL,
  `FULL_MSG_` longblob NULL,
  PRIMARY KEY (`ID_`) USING BTREE
) ENGINE = InnoDB CHARACTER SET = utf8 COLLATE = utf8_bin ROW_FORMAT = Dynamic;

-- ----------------------------
-- Records of act_hi_comment
-- ----------------------------

-- ----------------------------
-- Table structure for act_hi_detail
-- ----------------------------
DROP TABLE IF EXISTS `act_hi_detail`;
CREATE TABLE `act_hi_detail`  (
  `ID_` varchar(64) CHARACTER SET utf8 COLLATE utf8_bin NOT NULL,
  `TYPE_` varchar(255) CHARACTER SET utf8 COLLATE utf8_bin NOT NULL,
  `PROC_INST_ID_` varchar(64) CHARACTER SET utf8 COLLATE utf8_bin NULL DEFAULT NULL,
  `EXECUTION_ID_` varchar(64) CHARACTER SET utf8 COLLATE utf8_bin NULL DEFAULT NULL,
  `TASK_ID_` varchar(64) CHARACTER SET utf8 COLLATE utf8_bin NULL DEFAULT NULL,
  `ACT_INST_ID_` varchar(64) CHARACTER SET utf8 COLLATE utf8_bin NULL DEFAULT NULL,
  `NAME_` varchar(255) CHARACTER SET utf8 COLLATE utf8_bin NOT NULL,
  `VAR_TYPE_` varchar(255) CHARACTER SET utf8 COLLATE utf8_bin NULL DEFAULT NULL,
  `REV_` int(11) NULL DEFAULT NULL,
  `TIME_` datetime(3) NOT NULL,
  `BYTEARRAY_ID_` varchar(64) CHARACTER SET utf8 COLLATE utf8_bin NULL DEFAULT NULL,
  `DOUBLE_` double NULL DEFAULT NULL,
  `LONG_` bigint(20) NULL DEFAULT NULL,
  `TEXT_` varchar(4000) CHARACTER SET utf8 COLLATE utf8_bin NULL DEFAULT NULL,
  `TEXT2_` varchar(4000) CHARACTER SET utf8 COLLATE utf8_bin NULL DEFAULT NULL,
  PRIMARY KEY (`ID_`) USING BTREE,
  INDEX `ACT_IDX_HI_DETAIL_PROC_INST`(`PROC_INST_ID_`) USING BTREE,
  INDEX `ACT_IDX_HI_DETAIL_ACT_INST`(`ACT_INST_ID_`) USING BTREE,
  INDEX `ACT_IDX_HI_DETAIL_TIME`(`TIME_`) USING BTREE,
  INDEX `ACT_IDX_HI_DETAIL_NAME`(`NAME_`) USING BTREE,
  INDEX `ACT_IDX_HI_DETAIL_TASK_ID`(`TASK_ID_`) USING BTREE
) ENGINE = InnoDB CHARACTER SET = utf8 COLLATE = utf8_bin ROW_FORMAT = Dynamic;

-- ----------------------------
-- Records of act_hi_detail
-- ----------------------------

-- ----------------------------
-- Table structure for act_hi_identitylink
-- ----------------------------
DROP TABLE IF EXISTS `act_hi_identitylink`;
CREATE TABLE `act_hi_identitylink`  (
  `ID_` varchar(64) CHARACTER SET utf8 COLLATE utf8_bin NOT NULL,
  `GROUP_ID_` varchar(255) CHARACTER SET utf8 COLLATE utf8_bin NULL DEFAULT NULL,
  `TYPE_` varchar(255) CHARACTER SET utf8 COLLATE utf8_bin NULL DEFAULT NULL,
  `USER_ID_` varchar(255) CHARACTER SET utf8 COLLATE utf8_bin NULL DEFAULT NULL,
  `TASK_ID_` varchar(64) CHARACTER SET utf8 COLLATE utf8_bin NULL DEFAULT NULL,
  `PROC_INST_ID_` varchar(64) CHARACTER SET utf8 COLLATE utf8_bin NULL DEFAULT NULL,
  PRIMARY KEY (`ID_`) USING BTREE,
  INDEX `ACT_IDX_HI_IDENT_LNK_USER`(`USER_ID_`) USING BTREE,
  INDEX `ACT_IDX_HI_IDENT_LNK_TASK`(`TASK_ID_`) USING BTREE,
  INDEX `ACT_IDX_HI_IDENT_LNK_PROCINST`(`PROC_INST_ID_`) USING BTREE
) ENGINE = InnoDB CHARACTER SET = utf8 COLLATE = utf8_bin ROW_FORMAT = Dynamic;

-- ----------------------------
-- Records of act_hi_identitylink
-- ----------------------------

-- ----------------------------
-- Table structure for act_hi_procinst
-- ----------------------------
DROP TABLE IF EXISTS `act_hi_procinst`;
CREATE TABLE `act_hi_procinst`  (
  `ID_` varchar(64) CHARACTER SET utf8 COLLATE utf8_bin NOT NULL,
  `PROC_INST_ID_` varchar(64) CHARACTER SET utf8 COLLATE utf8_bin NOT NULL,
  `BUSINESS_KEY_` varchar(255) CHARACTER SET utf8 COLLATE utf8_bin NULL DEFAULT NULL,
  `PROC_DEF_ID_` varchar(64) CHARACTER SET utf8 COLLATE utf8_bin NOT NULL,
  `START_TIME_` datetime(3) NOT NULL,
  `END_TIME_` datetime(3) NULL DEFAULT NULL,
  `DURATION_` bigint(20) NULL DEFAULT NULL,
  `START_USER_ID_` varchar(255) CHARACTER SET utf8 COLLATE utf8_bin NULL DEFAULT NULL,
  `START_ACT_ID_` varchar(255) CHARACTER SET utf8 COLLATE utf8_bin NULL DEFAULT NULL,
  `END_ACT_ID_` varchar(255) CHARACTER SET utf8 COLLATE utf8_bin NULL DEFAULT NULL,
  `SUPER_PROCESS_INSTANCE_ID_` varchar(64) CHARACTER SET utf8 COLLATE utf8_bin NULL DEFAULT NULL,
  `DELETE_REASON_` varchar(4000) CHARACTER SET utf8 COLLATE utf8_bin NULL DEFAULT NULL,
  `TENANT_ID_` varchar(255) CHARACTER SET utf8 COLLATE utf8_bin NULL DEFAULT '',
  `NAME_` varchar(255) CHARACTER SET utf8 COLLATE utf8_bin NULL DEFAULT NULL,
  PRIMARY KEY (`ID_`) USING BTREE,
  UNIQUE INDEX `PROC_INST_ID_`(`PROC_INST_ID_`) USING BTREE,
  INDEX `ACT_IDX_HI_PRO_INST_END`(`END_TIME_`) USING BTREE,
  INDEX `ACT_IDX_HI_PRO_I_BUSKEY`(`BUSINESS_KEY_`) USING BTREE
) ENGINE = InnoDB CHARACTER SET = utf8 COLLATE = utf8_bin ROW_FORMAT = Dynamic;

-- ----------------------------
-- Records of act_hi_procinst
-- ----------------------------

-- ----------------------------
-- Table structure for act_hi_taskinst
-- ----------------------------
DROP TABLE IF EXISTS `act_hi_taskinst`;
CREATE TABLE `act_hi_taskinst`  (
  `ID_` varchar(64) CHARACTER SET utf8 COLLATE utf8_bin NOT NULL,
  `PROC_DEF_ID_` varchar(64) CHARACTER SET utf8 COLLATE utf8_bin NULL DEFAULT NULL,
  `TASK_DEF_KEY_` varchar(255) CHARACTER SET utf8 COLLATE utf8_bin NULL DEFAULT NULL,
  `PROC_INST_ID_` varchar(64) CHARACTER SET utf8 COLLATE utf8_bin NULL DEFAULT NULL,
  `EXECUTION_ID_` varchar(64) CHARACTER SET utf8 COLLATE utf8_bin NULL DEFAULT NULL,
  `NAME_` varchar(255) CHARACTER SET utf8 COLLATE utf8_bin NULL DEFAULT NULL,
  `PARENT_TASK_ID_` varchar(64) CHARACTER SET utf8 COLLATE utf8_bin NULL DEFAULT NULL,
  `DESCRIPTION_` varchar(4000) CHARACTER SET utf8 COLLATE utf8_bin NULL DEFAULT NULL,
  `OWNER_` varchar(255) CHARACTER SET utf8 COLLATE utf8_bin NULL DEFAULT NULL,
  `ASSIGNEE_` varchar(255) CHARACTER SET utf8 COLLATE utf8_bin NULL DEFAULT NULL,
  `START_TIME_` datetime(3) NOT NULL,
  `CLAIM_TIME_` datetime(3) NULL DEFAULT NULL,
  `END_TIME_` datetime(3) NULL DEFAULT NULL,
  `DURATION_` bigint(20) NULL DEFAULT NULL,
  `DELETE_REASON_` varchar(4000) CHARACTER SET utf8 COLLATE utf8_bin NULL DEFAULT NULL,
  `PRIORITY_` int(11) NULL DEFAULT NULL,
  `DUE_DATE_` datetime(3) NULL DEFAULT NULL,
  `FORM_KEY_` varchar(255) CHARACTER SET utf8 COLLATE utf8_bin NULL DEFAULT NULL,
  `CATEGORY_` varchar(255) CHARACTER SET utf8 COLLATE utf8_bin NULL DEFAULT NULL,
  `TENANT_ID_` varchar(255) CHARACTER SET utf8 COLLATE utf8_bin NULL DEFAULT '',
  PRIMARY KEY (`ID_`) USING BTREE,
  INDEX `ACT_IDX_HI_TASK_INST_PROCINST`(`PROC_INST_ID_`) USING BTREE
) ENGINE = InnoDB CHARACTER SET = utf8 COLLATE = utf8_bin ROW_FORMAT = Dynamic;

-- ----------------------------
-- Records of act_hi_taskinst
-- ----------------------------

-- ----------------------------
-- Table structure for act_hi_varinst
-- ----------------------------
DROP TABLE IF EXISTS `act_hi_varinst`;
CREATE TABLE `act_hi_varinst`  (
  `ID_` varchar(64) CHARACTER SET utf8 COLLATE utf8_bin NOT NULL,
  `PROC_INST_ID_` varchar(64) CHARACTER SET utf8 COLLATE utf8_bin NULL DEFAULT NULL,
  `EXECUTION_ID_` varchar(64) CHARACTER SET utf8 COLLATE utf8_bin NULL DEFAULT NULL,
  `TASK_ID_` varchar(64) CHARACTER SET utf8 COLLATE utf8_bin NULL DEFAULT NULL,
  `NAME_` varchar(255) CHARACTER SET utf8 COLLATE utf8_bin NOT NULL,
  `VAR_TYPE_` varchar(100) CHARACTER SET utf8 COLLATE utf8_bin NULL DEFAULT NULL,
  `REV_` int(11) NULL DEFAULT NULL,
  `BYTEARRAY_ID_` varchar(64) CHARACTER SET utf8 COLLATE utf8_bin NULL DEFAULT NULL,
  `DOUBLE_` double NULL DEFAULT NULL,
  `LONG_` bigint(20) NULL DEFAULT NULL,
  `TEXT_` varchar(4000) CHARACTER SET utf8 COLLATE utf8_bin NULL DEFAULT NULL,
  `TEXT2_` varchar(4000) CHARACTER SET utf8 COLLATE utf8_bin NULL DEFAULT NULL,
  `CREATE_TIME_` datetime(3) NULL DEFAULT NULL,
  `LAST_UPDATED_TIME_` datetime(3) NULL DEFAULT NULL,
  PRIMARY KEY (`ID_`) USING BTREE,
  INDEX `ACT_IDX_HI_PROCVAR_PROC_INST`(`PROC_INST_ID_`) USING BTREE,
  INDEX `ACT_IDX_HI_PROCVAR_NAME_TYPE`(`NAME_`, `VAR_TYPE_`) USING BTREE,
  INDEX `ACT_IDX_HI_PROCVAR_TASK_ID`(`TASK_ID_`) USING BTREE
) ENGINE = InnoDB CHARACTER SET = utf8 COLLATE = utf8_bin ROW_FORMAT = Dynamic;

-- ----------------------------
-- Records of act_hi_varinst
-- ----------------------------

-- ----------------------------
-- Table structure for act_procdef_info
-- ----------------------------
DROP TABLE IF EXISTS `act_procdef_info`;
CREATE TABLE `act_procdef_info`  (
  `ID_` varchar(64) CHARACTER SET utf8 COLLATE utf8_bin NOT NULL,
  `PROC_DEF_ID_` varchar(64) CHARACTER SET utf8 COLLATE utf8_bin NOT NULL,
  `REV_` int(11) NULL DEFAULT NULL,
  `INFO_JSON_ID_` varchar(64) CHARACTER SET utf8 COLLATE utf8_bin NULL DEFAULT NULL,
  PRIMARY KEY (`ID_`) USING BTREE,
  UNIQUE INDEX `ACT_UNIQ_INFO_PROCDEF`(`PROC_DEF_ID_`) USING BTREE,
  INDEX `ACT_IDX_INFO_PROCDEF`(`PROC_DEF_ID_`) USING BTREE,
  INDEX `ACT_FK_INFO_JSON_BA`(`INFO_JSON_ID_`) USING BTREE,
  CONSTRAINT `ACT_FK_INFO_JSON_BA` FOREIGN KEY (`INFO_JSON_ID_`) REFERENCES `act_ge_bytearray` (`ID_`) ON DELETE RESTRICT ON UPDATE RESTRICT,
  CONSTRAINT `ACT_FK_INFO_PROCDEF` FOREIGN KEY (`PROC_DEF_ID_`) REFERENCES `act_re_procdef` (`ID_`) ON DELETE RESTRICT ON UPDATE RESTRICT
) ENGINE = InnoDB CHARACTER SET = utf8 COLLATE = utf8_bin ROW_FORMAT = Dynamic;

-- ----------------------------
-- Records of act_procdef_info
-- ----------------------------

-- ----------------------------
-- Table structure for act_re_deployment
-- ----------------------------
DROP TABLE IF EXISTS `act_re_deployment`;
CREATE TABLE `act_re_deployment`  (
  `ID_` varchar(64) CHARACTER SET utf8 COLLATE utf8_bin NOT NULL,
  `NAME_` varchar(255) CHARACTER SET utf8 COLLATE utf8_bin NULL DEFAULT NULL,
  `CATEGORY_` varchar(255) CHARACTER SET utf8 COLLATE utf8_bin NULL DEFAULT NULL,
  `KEY_` varchar(255) CHARACTER SET utf8 COLLATE utf8_bin NULL DEFAULT NULL,
  `TENANT_ID_` varchar(255) CHARACTER SET utf8 COLLATE utf8_bin NULL DEFAULT '',
  `DEPLOY_TIME_` timestamp(3) NULL DEFAULT NULL,
  `ENGINE_VERSION_` varchar(255) CHARACTER SET utf8 COLLATE utf8_bin NULL DEFAULT NULL,
  `PROJECT_RELEASE_VERSION_` varchar(255) CHARACTER SET utf8 COLLATE utf8_bin NULL DEFAULT NULL,
  `VERSION_` varchar(255) CHARACTER SET utf8 COLLATE utf8_bin NULL DEFAULT NULL,
  PRIMARY KEY (`ID_`) USING BTREE
) ENGINE = InnoDB CHARACTER SET = utf8 COLLATE = utf8_bin ROW_FORMAT = Dynamic;

-- ----------------------------
-- Records of act_re_deployment
-- ----------------------------
INSERT INTO `act_re_deployment` VALUES ('b2e0bbf3-04bf-11ec-8e93-6c4b90f9f865', NULL, NULL, NULL, '', '2021-08-24 17:43:12.798', NULL, NULL, '1');

-- ----------------------------
-- Table structure for act_re_model
-- ----------------------------
DROP TABLE IF EXISTS `act_re_model`;
CREATE TABLE `act_re_model`  (
  `ID_` varchar(64) CHARACTER SET utf8 COLLATE utf8_bin NOT NULL,
  `REV_` int(11) NULL DEFAULT NULL,
  `NAME_` varchar(255) CHARACTER SET utf8 COLLATE utf8_bin NULL DEFAULT NULL,
  `KEY_` varchar(255) CHARACTER SET utf8 COLLATE utf8_bin NULL DEFAULT NULL,
  `CATEGORY_` varchar(255) CHARACTER SET utf8 COLLATE utf8_bin NULL DEFAULT NULL,
  `CREATE_TIME_` timestamp(3) NULL DEFAULT NULL,
  `LAST_UPDATE_TIME_` timestamp(3) NULL DEFAULT NULL,
  `VERSION_` int(11) NULL DEFAULT NULL,
  `META_INFO_` varchar(4000) CHARACTER SET utf8 COLLATE utf8_bin NULL DEFAULT NULL,
  `DEPLOYMENT_ID_` varchar(64) CHARACTER SET utf8 COLLATE utf8_bin NULL DEFAULT NULL,
  `EDITOR_SOURCE_VALUE_ID_` varchar(64) CHARACTER SET utf8 COLLATE utf8_bin NULL DEFAULT NULL,
  `EDITOR_SOURCE_EXTRA_VALUE_ID_` varchar(64) CHARACTER SET utf8 COLLATE utf8_bin NULL DEFAULT NULL,
  `TENANT_ID_` varchar(255) CHARACTER SET utf8 COLLATE utf8_bin NULL DEFAULT '',
  PRIMARY KEY (`ID_`) USING BTREE,
  INDEX `ACT_FK_MODEL_SOURCE`(`EDITOR_SOURCE_VALUE_ID_`) USING BTREE,
  INDEX `ACT_FK_MODEL_SOURCE_EXTRA`(`EDITOR_SOURCE_EXTRA_VALUE_ID_`) USING BTREE,
  INDEX `ACT_FK_MODEL_DEPLOYMENT`(`DEPLOYMENT_ID_`) USING BTREE,
  CONSTRAINT `ACT_FK_MODEL_DEPLOYMENT` FOREIGN KEY (`DEPLOYMENT_ID_`) REFERENCES `act_re_deployment` (`ID_`) ON DELETE RESTRICT ON UPDATE RESTRICT,
  CONSTRAINT `ACT_FK_MODEL_SOURCE` FOREIGN KEY (`EDITOR_SOURCE_VALUE_ID_`) REFERENCES `act_ge_bytearray` (`ID_`) ON DELETE RESTRICT ON UPDATE RESTRICT,
  CONSTRAINT `ACT_FK_MODEL_SOURCE_EXTRA` FOREIGN KEY (`EDITOR_SOURCE_EXTRA_VALUE_ID_`) REFERENCES `act_ge_bytearray` (`ID_`) ON DELETE RESTRICT ON UPDATE RESTRICT
) ENGINE = InnoDB CHARACTER SET = utf8 COLLATE = utf8_bin ROW_FORMAT = Dynamic;

-- ----------------------------
-- Records of act_re_model
-- ----------------------------

-- ----------------------------
-- Table structure for act_re_procdef
-- ----------------------------
DROP TABLE IF EXISTS `act_re_procdef`;
CREATE TABLE `act_re_procdef`  (
  `ID_` varchar(64) CHARACTER SET utf8 COLLATE utf8_bin NOT NULL,
  `REV_` int(11) NULL DEFAULT NULL,
  `CATEGORY_` varchar(255) CHARACTER SET utf8 COLLATE utf8_bin NULL DEFAULT NULL,
  `NAME_` varchar(255) CHARACTER SET utf8 COLLATE utf8_bin NULL DEFAULT NULL,
  `KEY_` varchar(255) CHARACTER SET utf8 COLLATE utf8_bin NOT NULL,
  `VERSION_` int(11) NOT NULL,
  `DEPLOYMENT_ID_` varchar(64) CHARACTER SET utf8 COLLATE utf8_bin NULL DEFAULT NULL,
  `RESOURCE_NAME_` varchar(4000) CHARACTER SET utf8 COLLATE utf8_bin NULL DEFAULT NULL,
  `DGRM_RESOURCE_NAME_` varchar(4000) CHARACTER SET utf8 COLLATE utf8_bin NULL DEFAULT NULL,
  `DESCRIPTION_` varchar(4000) CHARACTER SET utf8 COLLATE utf8_bin NULL DEFAULT NULL,
  `HAS_START_FORM_KEY_` tinyint(4) NULL DEFAULT NULL,
  `HAS_GRAPHICAL_NOTATION_` tinyint(4) NULL DEFAULT NULL,
  `SUSPENSION_STATE_` int(11) NULL DEFAULT NULL,
  `TENANT_ID_` varchar(255) CHARACTER SET utf8 COLLATE utf8_bin NULL DEFAULT '',
  `ENGINE_VERSION_` varchar(255) CHARACTER SET utf8 COLLATE utf8_bin NULL DEFAULT NULL,
  PRIMARY KEY (`ID_`) USING BTREE,
  UNIQUE INDEX `ACT_UNIQ_PROCDEF`(`KEY_`, `VERSION_`, `TENANT_ID_`) USING BTREE
) ENGINE = InnoDB CHARACTER SET = utf8 COLLATE = utf8_bin ROW_FORMAT = Dynamic;

-- ----------------------------
-- Records of act_re_procdef
-- ----------------------------
INSERT INTO `act_re_procdef` VALUES ('leave:1:b2fbe515-04bf-11ec-8e93-6c4b90f9f865', 1, 'http://www.kafeitu.me/activiti/leave', '请假流程-普通表单', 'leave', 1, 'b2e0bbf3-04bf-11ec-8e93-6c4b90f9f865', 'leave.bpmn', NULL, '请假流程演示', 0, 1, 1, '', NULL);

-- ----------------------------
-- Table structure for act_ru_deadletter_job
-- ----------------------------
DROP TABLE IF EXISTS `act_ru_deadletter_job`;
CREATE TABLE `act_ru_deadletter_job`  (
  `ID_` varchar(64) CHARACTER SET utf8 COLLATE utf8_bin NOT NULL,
  `REV_` int(11) NULL DEFAULT NULL,
  `TYPE_` varchar(255) CHARACTER SET utf8 COLLATE utf8_bin NOT NULL,
  `EXCLUSIVE_` tinyint(1) NULL DEFAULT NULL,
  `EXECUTION_ID_` varchar(64) CHARACTER SET utf8 COLLATE utf8_bin NULL DEFAULT NULL,
  `PROCESS_INSTANCE_ID_` varchar(64) CHARACTER SET utf8 COLLATE utf8_bin NULL DEFAULT NULL,
  `PROC_DEF_ID_` varchar(64) CHARACTER SET utf8 COLLATE utf8_bin NULL DEFAULT NULL,
  `EXCEPTION_STACK_ID_` varchar(64) CHARACTER SET utf8 COLLATE utf8_bin NULL DEFAULT NULL,
  `EXCEPTION_MSG_` varchar(4000) CHARACTER SET utf8 COLLATE utf8_bin NULL DEFAULT NULL,
  `DUEDATE_` timestamp(3) NULL DEFAULT NULL,
  `REPEAT_` varchar(255) CHARACTER SET utf8 COLLATE utf8_bin NULL DEFAULT NULL,
  `HANDLER_TYPE_` varchar(255) CHARACTER SET utf8 COLLATE utf8_bin NULL DEFAULT NULL,
  `HANDLER_CFG_` varchar(4000) CHARACTER SET utf8 COLLATE utf8_bin NULL DEFAULT NULL,
  `TENANT_ID_` varchar(255) CHARACTER SET utf8 COLLATE utf8_bin NULL DEFAULT '',
  PRIMARY KEY (`ID_`) USING BTREE,
  INDEX `ACT_FK_DEADLETTER_JOB_EXECUTION`(`EXECUTION_ID_`) USING BTREE,
  INDEX `ACT_FK_DEADLETTER_JOB_PROCESS_INSTANCE`(`PROCESS_INSTANCE_ID_`) USING BTREE,
  INDEX `ACT_FK_DEADLETTER_JOB_PROC_DEF`(`PROC_DEF_ID_`) USING BTREE,
  INDEX `ACT_FK_DEADLETTER_JOB_EXCEPTION`(`EXCEPTION_STACK_ID_`) USING BTREE,
  CONSTRAINT `ACT_FK_DEADLETTER_JOB_EXCEPTION` FOREIGN KEY (`EXCEPTION_STACK_ID_`) REFERENCES `act_ge_bytearray` (`ID_`) ON DELETE RESTRICT ON UPDATE RESTRICT,
  CONSTRAINT `ACT_FK_DEADLETTER_JOB_EXECUTION` FOREIGN KEY (`EXECUTION_ID_`) REFERENCES `act_ru_execution` (`ID_`) ON DELETE RESTRICT ON UPDATE RESTRICT,
  CONSTRAINT `ACT_FK_DEADLETTER_JOB_PROCESS_INSTANCE` FOREIGN KEY (`PROCESS_INSTANCE_ID_`) REFERENCES `act_ru_execution` (`ID_`) ON DELETE RESTRICT ON UPDATE RESTRICT,
  CONSTRAINT `ACT_FK_DEADLETTER_JOB_PROC_DEF` FOREIGN KEY (`PROC_DEF_ID_`) REFERENCES `act_re_procdef` (`ID_`) ON DELETE RESTRICT ON UPDATE RESTRICT
) ENGINE = InnoDB CHARACTER SET = utf8 COLLATE = utf8_bin ROW_FORMAT = Dynamic;

-- ----------------------------
-- Records of act_ru_deadletter_job
-- ----------------------------

-- ----------------------------
-- Table structure for act_ru_event_subscr
-- ----------------------------
DROP TABLE IF EXISTS `act_ru_event_subscr`;
CREATE TABLE `act_ru_event_subscr`  (
  `ID_` varchar(64) CHARACTER SET utf8 COLLATE utf8_bin NOT NULL,
  `REV_` int(11) NULL DEFAULT NULL,
  `EVENT_TYPE_` varchar(255) CHARACTER SET utf8 COLLATE utf8_bin NOT NULL,
  `EVENT_NAME_` varchar(255) CHARACTER SET utf8 COLLATE utf8_bin NULL DEFAULT NULL,
  `EXECUTION_ID_` varchar(64) CHARACTER SET utf8 COLLATE utf8_bin NULL DEFAULT NULL,
  `PROC_INST_ID_` varchar(64) CHARACTER SET utf8 COLLATE utf8_bin NULL DEFAULT NULL,
  `ACTIVITY_ID_` varchar(64) CHARACTER SET utf8 COLLATE utf8_bin NULL DEFAULT NULL,
  `CONFIGURATION_` varchar(255) CHARACTER SET utf8 COLLATE utf8_bin NULL DEFAULT NULL,
  `CREATED_` timestamp(3) NOT NULL DEFAULT CURRENT_TIMESTAMP(3),
  `PROC_DEF_ID_` varchar(64) CHARACTER SET utf8 COLLATE utf8_bin NULL DEFAULT NULL,
  `TENANT_ID_` varchar(255) CHARACTER SET utf8 COLLATE utf8_bin NULL DEFAULT '',
  PRIMARY KEY (`ID_`) USING BTREE,
  INDEX `ACT_IDX_EVENT_SUBSCR_CONFIG_`(`CONFIGURATION_`) USING BTREE,
  INDEX `ACT_FK_EVENT_EXEC`(`EXECUTION_ID_`) USING BTREE,
  CONSTRAINT `ACT_FK_EVENT_EXEC` FOREIGN KEY (`EXECUTION_ID_`) REFERENCES `act_ru_execution` (`ID_`) ON DELETE RESTRICT ON UPDATE RESTRICT
) ENGINE = InnoDB CHARACTER SET = utf8 COLLATE = utf8_bin ROW_FORMAT = Dynamic;

-- ----------------------------
-- Records of act_ru_event_subscr
-- ----------------------------

-- ----------------------------
-- Table structure for act_ru_execution
-- ----------------------------
DROP TABLE IF EXISTS `act_ru_execution`;
CREATE TABLE `act_ru_execution`  (
  `ID_` varchar(64) CHARACTER SET utf8 COLLATE utf8_bin NOT NULL,
  `REV_` int(11) NULL DEFAULT NULL,
  `PROC_INST_ID_` varchar(64) CHARACTER SET utf8 COLLATE utf8_bin NULL DEFAULT NULL,
  `BUSINESS_KEY_` varchar(255) CHARACTER SET utf8 COLLATE utf8_bin NULL DEFAULT NULL,
  `PARENT_ID_` varchar(64) CHARACTER SET utf8 COLLATE utf8_bin NULL DEFAULT NULL,
  `PROC_DEF_ID_` varchar(64) CHARACTER SET utf8 COLLATE utf8_bin NULL DEFAULT NULL,
  `SUPER_EXEC_` varchar(64) CHARACTER SET utf8 COLLATE utf8_bin NULL DEFAULT NULL,
  `ROOT_PROC_INST_ID_` varchar(64) CHARACTER SET utf8 COLLATE utf8_bin NULL DEFAULT NULL,
  `ACT_ID_` varchar(255) CHARACTER SET utf8 COLLATE utf8_bin NULL DEFAULT NULL,
  `IS_ACTIVE_` tinyint(4) NULL DEFAULT NULL,
  `IS_CONCURRENT_` tinyint(4) NULL DEFAULT NULL,
  `IS_SCOPE_` tinyint(4) NULL DEFAULT NULL,
  `IS_EVENT_SCOPE_` tinyint(4) NULL DEFAULT NULL,
  `IS_MI_ROOT_` tinyint(4) NULL DEFAULT NULL,
  `SUSPENSION_STATE_` int(11) NULL DEFAULT NULL,
  `CACHED_ENT_STATE_` int(11) NULL DEFAULT NULL,
  `TENANT_ID_` varchar(255) CHARACTER SET utf8 COLLATE utf8_bin NULL DEFAULT '',
  `NAME_` varchar(255) CHARACTER SET utf8 COLLATE utf8_bin NULL DEFAULT NULL,
  `START_TIME_` datetime(3) NULL DEFAULT NULL,
  `START_USER_ID_` varchar(255) CHARACTER SET utf8 COLLATE utf8_bin NULL DEFAULT NULL,
  `LOCK_TIME_` timestamp(3) NULL DEFAULT NULL,
  `IS_COUNT_ENABLED_` tinyint(4) NULL DEFAULT NULL,
  `EVT_SUBSCR_COUNT_` int(11) NULL DEFAULT NULL,
  `TASK_COUNT_` int(11) NULL DEFAULT NULL,
  `JOB_COUNT_` int(11) NULL DEFAULT NULL,
  `TIMER_JOB_COUNT_` int(11) NULL DEFAULT NULL,
  `SUSP_JOB_COUNT_` int(11) NULL DEFAULT NULL,
  `DEADLETTER_JOB_COUNT_` int(11) NULL DEFAULT NULL,
  `VAR_COUNT_` int(11) NULL DEFAULT NULL,
  `ID_LINK_COUNT_` int(11) NULL DEFAULT NULL,
  PRIMARY KEY (`ID_`) USING BTREE,
  INDEX `ACT_IDX_EXEC_BUSKEY`(`BUSINESS_KEY_`) USING BTREE,
  INDEX `ACT_IDC_EXEC_ROOT`(`ROOT_PROC_INST_ID_`) USING BTREE,
  INDEX `ACT_FK_EXE_PROCINST`(`PROC_INST_ID_`) USING BTREE,
  INDEX `ACT_FK_EXE_PARENT`(`PARENT_ID_`) USING BTREE,
  INDEX `ACT_FK_EXE_SUPER`(`SUPER_EXEC_`) USING BTREE,
  INDEX `ACT_FK_EXE_PROCDEF`(`PROC_DEF_ID_`) USING BTREE,
  CONSTRAINT `ACT_FK_EXE_PARENT` FOREIGN KEY (`PARENT_ID_`) REFERENCES `act_ru_execution` (`ID_`) ON DELETE CASCADE ON UPDATE RESTRICT,
  CONSTRAINT `ACT_FK_EXE_PROCDEF` FOREIGN KEY (`PROC_DEF_ID_`) REFERENCES `act_re_procdef` (`ID_`) ON DELETE RESTRICT ON UPDATE RESTRICT,
  CONSTRAINT `ACT_FK_EXE_PROCINST` FOREIGN KEY (`PROC_INST_ID_`) REFERENCES `act_ru_execution` (`ID_`) ON DELETE CASCADE ON UPDATE CASCADE,
  CONSTRAINT `ACT_FK_EXE_SUPER` FOREIGN KEY (`SUPER_EXEC_`) REFERENCES `act_ru_execution` (`ID_`) ON DELETE CASCADE ON UPDATE RESTRICT
) ENGINE = InnoDB CHARACTER SET = utf8 COLLATE = utf8_bin ROW_FORMAT = Dynamic;

-- ----------------------------
-- Records of act_ru_execution
-- ----------------------------

-- ----------------------------
-- Table structure for act_ru_identitylink
-- ----------------------------
DROP TABLE IF EXISTS `act_ru_identitylink`;
CREATE TABLE `act_ru_identitylink`  (
  `ID_` varchar(64) CHARACTER SET utf8 COLLATE utf8_bin NOT NULL,
  `REV_` int(11) NULL DEFAULT NULL,
  `GROUP_ID_` varchar(255) CHARACTER SET utf8 COLLATE utf8_bin NULL DEFAULT NULL,
  `TYPE_` varchar(255) CHARACTER SET utf8 COLLATE utf8_bin NULL DEFAULT NULL,
  `USER_ID_` varchar(255) CHARACTER SET utf8 COLLATE utf8_bin NULL DEFAULT NULL,
  `TASK_ID_` varchar(64) CHARACTER SET utf8 COLLATE utf8_bin NULL DEFAULT NULL,
  `PROC_INST_ID_` varchar(64) CHARACTER SET utf8 COLLATE utf8_bin NULL DEFAULT NULL,
  `PROC_DEF_ID_` varchar(64) CHARACTER SET utf8 COLLATE utf8_bin NULL DEFAULT NULL,
  PRIMARY KEY (`ID_`) USING BTREE,
  INDEX `ACT_IDX_IDENT_LNK_USER`(`USER_ID_`) USING BTREE,
  INDEX `ACT_IDX_IDENT_LNK_GROUP`(`GROUP_ID_`) USING BTREE,
  INDEX `ACT_IDX_ATHRZ_PROCEDEF`(`PROC_DEF_ID_`) USING BTREE,
  INDEX `ACT_FK_TSKASS_TASK`(`TASK_ID_`) USING BTREE,
  INDEX `ACT_FK_IDL_PROCINST`(`PROC_INST_ID_`) USING BTREE,
  CONSTRAINT `ACT_FK_ATHRZ_PROCEDEF` FOREIGN KEY (`PROC_DEF_ID_`) REFERENCES `act_re_procdef` (`ID_`) ON DELETE RESTRICT ON UPDATE RESTRICT,
  CONSTRAINT `ACT_FK_IDL_PROCINST` FOREIGN KEY (`PROC_INST_ID_`) REFERENCES `act_ru_execution` (`ID_`) ON DELETE RESTRICT ON UPDATE RESTRICT,
  CONSTRAINT `ACT_FK_TSKASS_TASK` FOREIGN KEY (`TASK_ID_`) REFERENCES `act_ru_task` (`ID_`) ON DELETE RESTRICT ON UPDATE RESTRICT
) ENGINE = InnoDB CHARACTER SET = utf8 COLLATE = utf8_bin ROW_FORMAT = Dynamic;

-- ----------------------------
-- Records of act_ru_identitylink
-- ----------------------------

-- ----------------------------
-- Table structure for act_ru_integration
-- ----------------------------
DROP TABLE IF EXISTS `act_ru_integration`;
CREATE TABLE `act_ru_integration`  (
  `ID_` varchar(64) CHARACTER SET utf8 COLLATE utf8_bin NOT NULL,
  `EXECUTION_ID_` varchar(64) CHARACTER SET utf8 COLLATE utf8_bin NULL DEFAULT NULL,
  `PROCESS_INSTANCE_ID_` varchar(64) CHARACTER SET utf8 COLLATE utf8_bin NULL DEFAULT NULL,
  `PROC_DEF_ID_` varchar(64) CHARACTER SET utf8 COLLATE utf8_bin NULL DEFAULT NULL,
  `FLOW_NODE_ID_` varchar(64) CHARACTER SET utf8 COLLATE utf8_bin NULL DEFAULT NULL,
  `CREATED_DATE_` timestamp(3) NOT NULL DEFAULT CURRENT_TIMESTAMP(3) ON UPDATE CURRENT_TIMESTAMP(3),
  PRIMARY KEY (`ID_`) USING BTREE,
  INDEX `ACT_FK_INT_EXECUTION`(`EXECUTION_ID_`) USING BTREE,
  INDEX `ACT_FK_INT_PROC_INST`(`PROCESS_INSTANCE_ID_`) USING BTREE,
  INDEX `ACT_FK_INT_PROC_DEF`(`PROC_DEF_ID_`) USING BTREE,
  CONSTRAINT `ACT_FK_INT_EXECUTION` FOREIGN KEY (`EXECUTION_ID_`) REFERENCES `act_ru_execution` (`ID_`) ON DELETE CASCADE ON UPDATE RESTRICT,
  CONSTRAINT `ACT_FK_INT_PROC_DEF` FOREIGN KEY (`PROC_DEF_ID_`) REFERENCES `act_re_procdef` (`ID_`) ON DELETE RESTRICT ON UPDATE RESTRICT,
  CONSTRAINT `ACT_FK_INT_PROC_INST` FOREIGN KEY (`PROCESS_INSTANCE_ID_`) REFERENCES `act_ru_execution` (`ID_`) ON DELETE RESTRICT ON UPDATE RESTRICT
) ENGINE = InnoDB CHARACTER SET = utf8 COLLATE = utf8_bin ROW_FORMAT = Dynamic;

-- ----------------------------
-- Records of act_ru_integration
-- ----------------------------

-- ----------------------------
-- Table structure for act_ru_job
-- ----------------------------
DROP TABLE IF EXISTS `act_ru_job`;
CREATE TABLE `act_ru_job`  (
  `ID_` varchar(64) CHARACTER SET utf8 COLLATE utf8_bin NOT NULL,
  `REV_` int(11) NULL DEFAULT NULL,
  `TYPE_` varchar(255) CHARACTER SET utf8 COLLATE utf8_bin NOT NULL,
  `LOCK_EXP_TIME_` timestamp(3) NULL DEFAULT NULL,
  `LOCK_OWNER_` varchar(255) CHARACTER SET utf8 COLLATE utf8_bin NULL DEFAULT NULL,
  `EXCLUSIVE_` tinyint(1) NULL DEFAULT NULL,
  `EXECUTION_ID_` varchar(64) CHARACTER SET utf8 COLLATE utf8_bin NULL DEFAULT NULL,
  `PROCESS_INSTANCE_ID_` varchar(64) CHARACTER SET utf8 COLLATE utf8_bin NULL DEFAULT NULL,
  `PROC_DEF_ID_` varchar(64) CHARACTER SET utf8 COLLATE utf8_bin NULL DEFAULT NULL,
  `RETRIES_` int(11) NULL DEFAULT NULL,
  `EXCEPTION_STACK_ID_` varchar(64) CHARACTER SET utf8 COLLATE utf8_bin NULL DEFAULT NULL,
  `EXCEPTION_MSG_` varchar(4000) CHARACTER SET utf8 COLLATE utf8_bin NULL DEFAULT NULL,
  `DUEDATE_` timestamp(3) NULL DEFAULT NULL,
  `REPEAT_` varchar(255) CHARACTER SET utf8 COLLATE utf8_bin NULL DEFAULT NULL,
  `HANDLER_TYPE_` varchar(255) CHARACTER SET utf8 COLLATE utf8_bin NULL DEFAULT NULL,
  `HANDLER_CFG_` varchar(4000) CHARACTER SET utf8 COLLATE utf8_bin NULL DEFAULT NULL,
  `TENANT_ID_` varchar(255) CHARACTER SET utf8 COLLATE utf8_bin NULL DEFAULT '',
  PRIMARY KEY (`ID_`) USING BTREE,
  INDEX `ACT_FK_JOB_EXECUTION`(`EXECUTION_ID_`) USING BTREE,
  INDEX `ACT_FK_JOB_PROCESS_INSTANCE`(`PROCESS_INSTANCE_ID_`) USING BTREE,
  INDEX `ACT_FK_JOB_PROC_DEF`(`PROC_DEF_ID_`) USING BTREE,
  INDEX `ACT_FK_JOB_EXCEPTION`(`EXCEPTION_STACK_ID_`) USING BTREE,
  CONSTRAINT `ACT_FK_JOB_EXCEPTION` FOREIGN KEY (`EXCEPTION_STACK_ID_`) REFERENCES `act_ge_bytearray` (`ID_`) ON DELETE RESTRICT ON UPDATE RESTRICT,
  CONSTRAINT `ACT_FK_JOB_EXECUTION` FOREIGN KEY (`EXECUTION_ID_`) REFERENCES `act_ru_execution` (`ID_`) ON DELETE RESTRICT ON UPDATE RESTRICT,
  CONSTRAINT `ACT_FK_JOB_PROCESS_INSTANCE` FOREIGN KEY (`PROCESS_INSTANCE_ID_`) REFERENCES `act_ru_execution` (`ID_`) ON DELETE RESTRICT ON UPDATE RESTRICT,
  CONSTRAINT `ACT_FK_JOB_PROC_DEF` FOREIGN KEY (`PROC_DEF_ID_`) REFERENCES `act_re_procdef` (`ID_`) ON DELETE RESTRICT ON UPDATE RESTRICT
) ENGINE = InnoDB CHARACTER SET = utf8 COLLATE = utf8_bin ROW_FORMAT = Dynamic;

-- ----------------------------
-- Records of act_ru_job
-- ----------------------------

-- ----------------------------
-- Table structure for act_ru_suspended_job
-- ----------------------------
DROP TABLE IF EXISTS `act_ru_suspended_job`;
CREATE TABLE `act_ru_suspended_job`  (
  `ID_` varchar(64) CHARACTER SET utf8 COLLATE utf8_bin NOT NULL,
  `REV_` int(11) NULL DEFAULT NULL,
  `TYPE_` varchar(255) CHARACTER SET utf8 COLLATE utf8_bin NOT NULL,
  `EXCLUSIVE_` tinyint(1) NULL DEFAULT NULL,
  `EXECUTION_ID_` varchar(64) CHARACTER SET utf8 COLLATE utf8_bin NULL DEFAULT NULL,
  `PROCESS_INSTANCE_ID_` varchar(64) CHARACTER SET utf8 COLLATE utf8_bin NULL DEFAULT NULL,
  `PROC_DEF_ID_` varchar(64) CHARACTER SET utf8 COLLATE utf8_bin NULL DEFAULT NULL,
  `RETRIES_` int(11) NULL DEFAULT NULL,
  `EXCEPTION_STACK_ID_` varchar(64) CHARACTER SET utf8 COLLATE utf8_bin NULL DEFAULT NULL,
  `EXCEPTION_MSG_` varchar(4000) CHARACTER SET utf8 COLLATE utf8_bin NULL DEFAULT NULL,
  `DUEDATE_` timestamp(3) NULL DEFAULT NULL,
  `REPEAT_` varchar(255) CHARACTER SET utf8 COLLATE utf8_bin NULL DEFAULT NULL,
  `HANDLER_TYPE_` varchar(255) CHARACTER SET utf8 COLLATE utf8_bin NULL DEFAULT NULL,
  `HANDLER_CFG_` varchar(4000) CHARACTER SET utf8 COLLATE utf8_bin NULL DEFAULT NULL,
  `TENANT_ID_` varchar(255) CHARACTER SET utf8 COLLATE utf8_bin NULL DEFAULT '',
  PRIMARY KEY (`ID_`) USING BTREE,
  INDEX `ACT_FK_SUSPENDED_JOB_EXECUTION`(`EXECUTION_ID_`) USING BTREE,
  INDEX `ACT_FK_SUSPENDED_JOB_PROCESS_INSTANCE`(`PROCESS_INSTANCE_ID_`) USING BTREE,
  INDEX `ACT_FK_SUSPENDED_JOB_PROC_DEF`(`PROC_DEF_ID_`) USING BTREE,
  INDEX `ACT_FK_SUSPENDED_JOB_EXCEPTION`(`EXCEPTION_STACK_ID_`) USING BTREE,
  CONSTRAINT `ACT_FK_SUSPENDED_JOB_EXCEPTION` FOREIGN KEY (`EXCEPTION_STACK_ID_`) REFERENCES `act_ge_bytearray` (`ID_`) ON DELETE RESTRICT ON UPDATE RESTRICT,
  CONSTRAINT `ACT_FK_SUSPENDED_JOB_EXECUTION` FOREIGN KEY (`EXECUTION_ID_`) REFERENCES `act_ru_execution` (`ID_`) ON DELETE RESTRICT ON UPDATE RESTRICT,
  CONSTRAINT `ACT_FK_SUSPENDED_JOB_PROCESS_INSTANCE` FOREIGN KEY (`PROCESS_INSTANCE_ID_`) REFERENCES `act_ru_execution` (`ID_`) ON DELETE RESTRICT ON UPDATE RESTRICT,
  CONSTRAINT `ACT_FK_SUSPENDED_JOB_PROC_DEF` FOREIGN KEY (`PROC_DEF_ID_`) REFERENCES `act_re_procdef` (`ID_`) ON DELETE RESTRICT ON UPDATE RESTRICT
) ENGINE = InnoDB CHARACTER SET = utf8 COLLATE = utf8_bin ROW_FORMAT = Dynamic;

-- ----------------------------
-- Records of act_ru_suspended_job
-- ----------------------------

-- ----------------------------
-- Table structure for act_ru_task
-- ----------------------------
DROP TABLE IF EXISTS `act_ru_task`;
CREATE TABLE `act_ru_task`  (
  `ID_` varchar(64) CHARACTER SET utf8 COLLATE utf8_bin NOT NULL,
  `REV_` int(11) NULL DEFAULT NULL,
  `EXECUTION_ID_` varchar(64) CHARACTER SET utf8 COLLATE utf8_bin NULL DEFAULT NULL,
  `PROC_INST_ID_` varchar(64) CHARACTER SET utf8 COLLATE utf8_bin NULL DEFAULT NULL,
  `PROC_DEF_ID_` varchar(64) CHARACTER SET utf8 COLLATE utf8_bin NULL DEFAULT NULL,
  `NAME_` varchar(255) CHARACTER SET utf8 COLLATE utf8_bin NULL DEFAULT NULL,
  `PARENT_TASK_ID_` varchar(64) CHARACTER SET utf8 COLLATE utf8_bin NULL DEFAULT NULL,
  `DESCRIPTION_` varchar(4000) CHARACTER SET utf8 COLLATE utf8_bin NULL DEFAULT NULL,
  `TASK_DEF_KEY_` varchar(255) CHARACTER SET utf8 COLLATE utf8_bin NULL DEFAULT NULL,
  `OWNER_` varchar(255) CHARACTER SET utf8 COLLATE utf8_bin NULL DEFAULT NULL,
  `ASSIGNEE_` varchar(255) CHARACTER SET utf8 COLLATE utf8_bin NULL DEFAULT NULL,
  `DELEGATION_` varchar(64) CHARACTER SET utf8 COLLATE utf8_bin NULL DEFAULT NULL,
  `PRIORITY_` int(11) NULL DEFAULT NULL,
  `CREATE_TIME_` timestamp(3) NULL DEFAULT NULL,
  `DUE_DATE_` datetime(3) NULL DEFAULT NULL,
  `CATEGORY_` varchar(255) CHARACTER SET utf8 COLLATE utf8_bin NULL DEFAULT NULL,
  `SUSPENSION_STATE_` int(11) NULL DEFAULT NULL,
  `TENANT_ID_` varchar(255) CHARACTER SET utf8 COLLATE utf8_bin NULL DEFAULT '',
  `FORM_KEY_` varchar(255) CHARACTER SET utf8 COLLATE utf8_bin NULL DEFAULT NULL,
  `CLAIM_TIME_` datetime(3) NULL DEFAULT NULL,
  PRIMARY KEY (`ID_`) USING BTREE,
  INDEX `ACT_IDX_TASK_CREATE`(`CREATE_TIME_`) USING BTREE,
  INDEX `ACT_FK_TASK_EXE`(`EXECUTION_ID_`) USING BTREE,
  INDEX `ACT_FK_TASK_PROCINST`(`PROC_INST_ID_`) USING BTREE,
  INDEX `ACT_FK_TASK_PROCDEF`(`PROC_DEF_ID_`) USING BTREE,
  CONSTRAINT `ACT_FK_TASK_EXE` FOREIGN KEY (`EXECUTION_ID_`) REFERENCES `act_ru_execution` (`ID_`) ON DELETE RESTRICT ON UPDATE RESTRICT,
  CONSTRAINT `ACT_FK_TASK_PROCDEF` FOREIGN KEY (`PROC_DEF_ID_`) REFERENCES `act_re_procdef` (`ID_`) ON DELETE RESTRICT ON UPDATE RESTRICT,
  CONSTRAINT `ACT_FK_TASK_PROCINST` FOREIGN KEY (`PROC_INST_ID_`) REFERENCES `act_ru_execution` (`ID_`) ON DELETE RESTRICT ON UPDATE RESTRICT
) ENGINE = InnoDB CHARACTER SET = utf8 COLLATE = utf8_bin ROW_FORMAT = Dynamic;

-- ----------------------------
-- Records of act_ru_task
-- ----------------------------

-- ----------------------------
-- Table structure for act_ru_timer_job
-- ----------------------------
DROP TABLE IF EXISTS `act_ru_timer_job`;
CREATE TABLE `act_ru_timer_job`  (
  `ID_` varchar(64) CHARACTER SET utf8 COLLATE utf8_bin NOT NULL,
  `REV_` int(11) NULL DEFAULT NULL,
  `TYPE_` varchar(255) CHARACTER SET utf8 COLLATE utf8_bin NOT NULL,
  `LOCK_EXP_TIME_` timestamp(3) NULL DEFAULT NULL,
  `LOCK_OWNER_` varchar(255) CHARACTER SET utf8 COLLATE utf8_bin NULL DEFAULT NULL,
  `EXCLUSIVE_` tinyint(1) NULL DEFAULT NULL,
  `EXECUTION_ID_` varchar(64) CHARACTER SET utf8 COLLATE utf8_bin NULL DEFAULT NULL,
  `PROCESS_INSTANCE_ID_` varchar(64) CHARACTER SET utf8 COLLATE utf8_bin NULL DEFAULT NULL,
  `PROC_DEF_ID_` varchar(64) CHARACTER SET utf8 COLLATE utf8_bin NULL DEFAULT NULL,
  `RETRIES_` int(11) NULL DEFAULT NULL,
  `EXCEPTION_STACK_ID_` varchar(64) CHARACTER SET utf8 COLLATE utf8_bin NULL DEFAULT NULL,
  `EXCEPTION_MSG_` varchar(4000) CHARACTER SET utf8 COLLATE utf8_bin NULL DEFAULT NULL,
  `DUEDATE_` timestamp(3) NULL DEFAULT NULL,
  `REPEAT_` varchar(255) CHARACTER SET utf8 COLLATE utf8_bin NULL DEFAULT NULL,
  `HANDLER_TYPE_` varchar(255) CHARACTER SET utf8 COLLATE utf8_bin NULL DEFAULT NULL,
  `HANDLER_CFG_` varchar(4000) CHARACTER SET utf8 COLLATE utf8_bin NULL DEFAULT NULL,
  `TENANT_ID_` varchar(255) CHARACTER SET utf8 COLLATE utf8_bin NULL DEFAULT '',
  PRIMARY KEY (`ID_`) USING BTREE,
  INDEX `ACT_FK_TIMER_JOB_EXECUTION`(`EXECUTION_ID_`) USING BTREE,
  INDEX `ACT_FK_TIMER_JOB_PROCESS_INSTANCE`(`PROCESS_INSTANCE_ID_`) USING BTREE,
  INDEX `ACT_FK_TIMER_JOB_PROC_DEF`(`PROC_DEF_ID_`) USING BTREE,
  INDEX `ACT_FK_TIMER_JOB_EXCEPTION`(`EXCEPTION_STACK_ID_`) USING BTREE,
  CONSTRAINT `ACT_FK_TIMER_JOB_EXCEPTION` FOREIGN KEY (`EXCEPTION_STACK_ID_`) REFERENCES `act_ge_bytearray` (`ID_`) ON DELETE RESTRICT ON UPDATE RESTRICT,
  CONSTRAINT `ACT_FK_TIMER_JOB_EXECUTION` FOREIGN KEY (`EXECUTION_ID_`) REFERENCES `act_ru_execution` (`ID_`) ON DELETE RESTRICT ON UPDATE RESTRICT,
  CONSTRAINT `ACT_FK_TIMER_JOB_PROCESS_INSTANCE` FOREIGN KEY (`PROCESS_INSTANCE_ID_`) REFERENCES `act_ru_execution` (`ID_`) ON DELETE RESTRICT ON UPDATE RESTRICT,
  CONSTRAINT `ACT_FK_TIMER_JOB_PROC_DEF` FOREIGN KEY (`PROC_DEF_ID_`) REFERENCES `act_re_procdef` (`ID_`) ON DELETE RESTRICT ON UPDATE RESTRICT
) ENGINE = InnoDB CHARACTER SET = utf8 COLLATE = utf8_bin ROW_FORMAT = Dynamic;

-- ----------------------------
-- Records of act_ru_timer_job
-- ----------------------------

-- ----------------------------
-- Table structure for act_ru_variable
-- ----------------------------
DROP TABLE IF EXISTS `act_ru_variable`;
CREATE TABLE `act_ru_variable`  (
  `ID_` varchar(64) CHARACTER SET utf8 COLLATE utf8_bin NOT NULL,
  `REV_` int(11) NULL DEFAULT NULL,
  `TYPE_` varchar(255) CHARACTER SET utf8 COLLATE utf8_bin NOT NULL,
  `NAME_` varchar(255) CHARACTER SET utf8 COLLATE utf8_bin NOT NULL,
  `EXECUTION_ID_` varchar(64) CHARACTER SET utf8 COLLATE utf8_bin NULL DEFAULT NULL,
  `PROC_INST_ID_` varchar(64) CHARACTER SET utf8 COLLATE utf8_bin NULL DEFAULT NULL,
  `TASK_ID_` varchar(64) CHARACTER SET utf8 COLLATE utf8_bin NULL DEFAULT NULL,
  `BYTEARRAY_ID_` varchar(64) CHARACTER SET utf8 COLLATE utf8_bin NULL DEFAULT NULL,
  `DOUBLE_` double NULL DEFAULT NULL,
  `LONG_` bigint(20) NULL DEFAULT NULL,
  `TEXT_` varchar(4000) CHARACTER SET utf8 COLLATE utf8_bin NULL DEFAULT NULL,
  `TEXT2_` varchar(4000) CHARACTER SET utf8 COLLATE utf8_bin NULL DEFAULT NULL,
  PRIMARY KEY (`ID_`) USING BTREE,
  INDEX `ACT_IDX_VARIABLE_TASK_ID`(`TASK_ID_`) USING BTREE,
  INDEX `ACT_FK_VAR_EXE`(`EXECUTION_ID_`) USING BTREE,
  INDEX `ACT_FK_VAR_PROCINST`(`PROC_INST_ID_`) USING BTREE,
  INDEX `ACT_FK_VAR_BYTEARRAY`(`BYTEARRAY_ID_`) USING BTREE,
  CONSTRAINT `ACT_FK_VAR_BYTEARRAY` FOREIGN KEY (`BYTEARRAY_ID_`) REFERENCES `act_ge_bytearray` (`ID_`) ON DELETE RESTRICT ON UPDATE RESTRICT,
  CONSTRAINT `ACT_FK_VAR_EXE` FOREIGN KEY (`EXECUTION_ID_`) REFERENCES `act_ru_execution` (`ID_`) ON DELETE RESTRICT ON UPDATE RESTRICT,
  CONSTRAINT `ACT_FK_VAR_PROCINST` FOREIGN KEY (`PROC_INST_ID_`) REFERENCES `act_ru_execution` (`ID_`) ON DELETE RESTRICT ON UPDATE RESTRICT
) ENGINE = InnoDB CHARACTER SET = utf8 COLLATE = utf8_bin ROW_FORMAT = Dynamic;

-- ----------------------------
-- Records of act_ru_variable
-- ----------------------------

-- ----------------------------
-- Table structure for act_workflow_formdata
-- ----------------------------
DROP TABLE IF EXISTS `act_workflow_formdata`;
CREATE TABLE `act_workflow_formdata`  (
  `id` int(11) NOT NULL AUTO_INCREMENT COMMENT '唯一标识符',
  `business_key` varchar(64) CHARACTER SET utf8 COLLATE utf8_general_ci NULL DEFAULT NULL COMMENT '事务key',
  `form_key` varchar(255) CHARACTER SET utf8 COLLATE utf8_general_ci NULL DEFAULT NULL COMMENT '表单Key',
  `control_id` varchar(64) CHARACTER SET utf8 COLLATE utf8_general_ci NULL DEFAULT NULL COMMENT '表单id',
  `control_name` varchar(64) CHARACTER SET utf8 COLLATE utf8_general_ci NULL DEFAULT NULL COMMENT '表单名',
  `control_value` varchar(2000) CHARACTER SET utf8 COLLATE utf8_general_ci NULL DEFAULT NULL COMMENT '表单值',
  `task_node_name` varchar(64) CHARACTER SET utf8 COLLATE utf8_general_ci NULL DEFAULT NULL COMMENT '任务节点名称',
  `create_name` varchar(64) CHARACTER SET utf8 COLLATE utf8_general_ci NULL DEFAULT NULL COMMENT '创建者姓名',
  `create_by` varchar(32) CHARACTER SET utf8 COLLATE utf8_general_ci NULL DEFAULT NULL COMMENT '创建者',
  `create_time` datetime(0) NULL DEFAULT NULL COMMENT '创建时间',
  PRIMARY KEY (`id`) USING BTREE
) ENGINE = InnoDB AUTO_INCREMENT = 1 CHARACTER SET = utf8 COLLATE = utf8_general_ci COMMENT = '动态表单' ROW_FORMAT = Dynamic;

-- ----------------------------
-- Records of act_workflow_formdata
-- ----------------------------

-- ----------------------------
-- Table structure for gen_table
-- ----------------------------
DROP TABLE IF EXISTS `gen_table`;
CREATE TABLE `gen_table`  (
  `table_id` bigint(20) NOT NULL AUTO_INCREMENT COMMENT '编号',
  `table_name` varchar(200) CHARACTER SET utf8 COLLATE utf8_general_ci NULL DEFAULT '' COMMENT '表名称',
  `table_comment` varchar(500) CHARACTER SET utf8 COLLATE utf8_general_ci NULL DEFAULT '' COMMENT '表描述',
  `class_name` varchar(100) CHARACTER SET utf8 COLLATE utf8_general_ci NULL DEFAULT '' COMMENT '实体类名称',
  `tpl_category` varchar(200) CHARACTER SET utf8 COLLATE utf8_general_ci NULL DEFAULT 'crud' COMMENT '使用的模板（crud单表操作 tree树表操作）',
  `package_name` varchar(100) CHARACTER SET utf8 COLLATE utf8_general_ci NULL DEFAULT NULL COMMENT '生成包路径',
  `module_name` varchar(30) CHARACTER SET utf8 COLLATE utf8_general_ci NULL DEFAULT NULL COMMENT '生成模块名',
  `business_name` varchar(30) CHARACTER SET utf8 COLLATE utf8_general_ci NULL DEFAULT NULL COMMENT '生成业务名',
  `function_name` varchar(50) CHARACTER SET utf8 COLLATE utf8_general_ci NULL DEFAULT NULL COMMENT '生成功能名',
  `function_author` varchar(50) CHARACTER SET utf8 COLLATE utf8_general_ci NULL DEFAULT NULL COMMENT '生成功能作者',
  `gen_type` char(1) CHARACTER SET utf8 COLLATE utf8_general_ci NULL DEFAULT '0' COMMENT '生成代码方式（0zip压缩包 1自定义路径）',
  `gen_path` varchar(200) CHARACTER SET utf8 COLLATE utf8_general_ci NULL DEFAULT '/' COMMENT '生成路径（不填默认项目路径）',
  `options` varchar(1000) CHARACTER SET utf8 COLLATE utf8_general_ci NULL DEFAULT NULL COMMENT '其它生成选项',
  `create_by` varchar(64) CHARACTER SET utf8 COLLATE utf8_general_ci NULL DEFAULT '' COMMENT '创建者',
  `create_time` datetime(0) NULL DEFAULT NULL COMMENT '创建时间',
  `update_by` varchar(64) CHARACTER SET utf8 COLLATE utf8_general_ci NULL DEFAULT '' COMMENT '更新者',
  `update_time` datetime(0) NULL DEFAULT NULL COMMENT '更新时间',
  `remark` varchar(500) CHARACTER SET utf8 COLLATE utf8_general_ci NULL DEFAULT NULL COMMENT '备注',
  PRIMARY KEY (`table_id`) USING BTREE
) ENGINE = InnoDB AUTO_INCREMENT = 15 CHARACTER SET = utf8 COLLATE = utf8_general_ci COMMENT = '代码生成业务表' ROW_FORMAT = Dynamic;

-- ----------------------------
-- Records of gen_table
-- ----------------------------
INSERT INTO `gen_table` VALUES (5, 'act_workflow_formdata', '动态表单', 'ActWorkflowFormdata', 'crud', 'com.ruoyi.activiti', 'activiti', 'formdata', '动态单', 'danny', '0', '/', '{}', 'admin', '2020-11-02 10:28:53', '', '2020-11-02 10:29:39', NULL);
INSERT INTO `gen_table` VALUES (9, 'zhsc_gztz', '工作台账', 'ZhscGztz', 'crud', 'com.jzsjcdlxxzx.zhsc', 'zhsc', 'gztz', '工作台账', 'jzsjcdlxxzx', '0', '/', '{\"parentMenuId\":\"2011\"}', 'admin', '2021-09-03 10:35:31', '', '2021-09-03 15:06:56', NULL);
INSERT INTO `gen_table` VALUES (13, 'sys_dict_data', '字典数据表', 'SysDictData', 'crud', 'com.jzsjcdlxxzx.system', 'system', 'system', '字典数据', 'jzsjcdlxxzx', '0', '/', '{\"parentMenuId\":\"1\"}', 'admin', '2021-09-18 16:32:56', '', '2021-09-18 16:53:45', NULL);
INSERT INTO `gen_table` VALUES (14, 'sys_camera', '监控管理', 'SysCamera', 'crud', 'com.jzsjcdlxxzx.camera', 'camera', 'camera', '监控管理', 'jzsjcdlxxzx', '0', '/', '{\"parentMenuId\":2031}', 'admin', '2021-09-18 17:56:14', '', '2021-09-18 17:57:14', NULL);

-- ----------------------------
-- Table structure for gen_table_column
-- ----------------------------
DROP TABLE IF EXISTS `gen_table_column`;
CREATE TABLE `gen_table_column`  (
  `column_id` bigint(20) NOT NULL AUTO_INCREMENT COMMENT '编号',
  `table_id` varchar(64) CHARACTER SET utf8 COLLATE utf8_general_ci NULL DEFAULT NULL COMMENT '归属表编号',
  `column_name` varchar(200) CHARACTER SET utf8 COLLATE utf8_general_ci NULL DEFAULT NULL COMMENT '列名称',
  `column_comment` varchar(500) CHARACTER SET utf8 COLLATE utf8_general_ci NULL DEFAULT NULL COMMENT '列描述',
  `column_type` varchar(100) CHARACTER SET utf8 COLLATE utf8_general_ci NULL DEFAULT NULL COMMENT '列类型',
  `java_type` varchar(500) CHARACTER SET utf8 COLLATE utf8_general_ci NULL DEFAULT NULL COMMENT 'JAVA类型',
  `java_field` varchar(200) CHARACTER SET utf8 COLLATE utf8_general_ci NULL DEFAULT NULL COMMENT 'JAVA字段名',
  `is_pk` char(1) CHARACTER SET utf8 COLLATE utf8_general_ci NULL DEFAULT NULL COMMENT '是否主键（1是）',
  `is_increment` char(1) CHARACTER SET utf8 COLLATE utf8_general_ci NULL DEFAULT NULL COMMENT '是否自增（1是）',
  `is_required` char(1) CHARACTER SET utf8 COLLATE utf8_general_ci NULL DEFAULT NULL COMMENT '是否必填（1是）',
  `is_insert` char(1) CHARACTER SET utf8 COLLATE utf8_general_ci NULL DEFAULT NULL COMMENT '是否为插入字段（1是）',
  `is_edit` char(1) CHARACTER SET utf8 COLLATE utf8_general_ci NULL DEFAULT NULL COMMENT '是否编辑字段（1是）',
  `is_list` char(1) CHARACTER SET utf8 COLLATE utf8_general_ci NULL DEFAULT NULL COMMENT '是否列表字段（1是）',
  `is_query` char(1) CHARACTER SET utf8 COLLATE utf8_general_ci NULL DEFAULT NULL COMMENT '是否查询字段（1是）',
  `query_type` varchar(200) CHARACTER SET utf8 COLLATE utf8_general_ci NULL DEFAULT 'EQ' COMMENT '查询方式（等于、不等于、大于、小于、范围）',
  `html_type` varchar(200) CHARACTER SET utf8 COLLATE utf8_general_ci NULL DEFAULT NULL COMMENT '显示类型（文本框、文本域、下拉框、复选框、单选框、日期控件）',
  `dict_type` varchar(200) CHARACTER SET utf8 COLLATE utf8_general_ci NULL DEFAULT '' COMMENT '字典类型',
  `sort` int(11) NULL DEFAULT NULL COMMENT '排序',
  `create_by` varchar(64) CHARACTER SET utf8 COLLATE utf8_general_ci NULL DEFAULT '' COMMENT '创建者',
  `create_time` datetime(0) NULL DEFAULT NULL COMMENT '创建时间',
  `update_by` varchar(64) CHARACTER SET utf8 COLLATE utf8_general_ci NULL DEFAULT '' COMMENT '更新者',
  `update_time` datetime(0) NULL DEFAULT NULL COMMENT '更新时间',
  PRIMARY KEY (`column_id`) USING BTREE
) ENGINE = InnoDB AUTO_INCREMENT = 124 CHARACTER SET = utf8 COLLATE = utf8_general_ci COMMENT = '代码生成业务表字段' ROW_FORMAT = Dynamic;

-- ----------------------------
-- Records of gen_table_column
-- ----------------------------
INSERT INTO `gen_table_column` VALUES (47, '9', 'id', '主键', 'bigint(20)', 'Long', 'id', '1', '1', NULL, '1', NULL, NULL, NULL, 'EQ', 'input', '', 1, 'admin', '2021-09-03 10:35:31', '', '2021-09-03 15:06:56');
INSERT INTO `gen_table_column` VALUES (48, '9', 'xq', '辖区', 'varchar(1)', 'String', 'xq', '0', '0', NULL, '1', '1', '1', '1', 'EQ', 'select', 'zhsc_xq', 2, 'admin', '2021-09-03 10:35:31', '', '2021-09-03 15:06:56');
INSERT INTO `gen_table_column` VALUES (49, '9', 'zb', '组别', 'varchar(1)', 'String', 'zb', '0', '0', NULL, '1', '1', '1', '1', 'EQ', 'select', 'zhsc_zb', 3, 'admin', '2021-09-03 10:35:31', '', '2021-09-03 15:06:56');
INSERT INTO `gen_table_column` VALUES (50, '9', 'ytdsyqr', '原土地使用权人', 'varchar(50)', 'String', 'ytdsyqr', '0', '0', NULL, '1', '1', '1', '1', 'EQ', 'input', '', 4, 'admin', '2021-09-03 10:35:31', '', '2021-09-03 15:06:56');
INSERT INTO `gen_table_column` VALUES (51, '9', 'wz', '位置', 'varchar(255)', 'String', 'wz', '0', '0', NULL, '1', '1', '1', '1', 'EQ', 'input', '', 5, 'admin', '2021-09-03 10:35:31', '', '2021-09-03 15:06:56');
INSERT INTO `gen_table_column` VALUES (52, '9', 'mj', '面积（亩）', 'float', 'Long', 'mj', '0', '0', NULL, '1', '1', '1', '1', 'EQ', 'input', '', 6, 'admin', '2021-09-03 10:35:31', '', '2021-09-03 15:06:56');
INSERT INTO `gen_table_column` VALUES (53, '9', 'ghyt', '规划用途', 'varchar(20)', 'String', 'ghyt', '0', '0', NULL, '1', '1', '1', '1', 'EQ', 'input', '', 7, 'admin', '2021-09-03 10:35:31', '', '2021-09-03 15:06:56');
INSERT INTO `gen_table_column` VALUES (54, '9', 'sflrndcbjh', '是否列入年度储备计划', 'varchar(1)', 'String', 'sflrndcbjh', '0', '0', NULL, '1', '1', '1', '1', 'EQ', 'select', 'sys_yes_no', 8, 'admin', '2021-09-03 10:35:31', '', '2021-09-03 15:06:56');
INSERT INTO `gen_table_column` VALUES (55, '9', 'tdzqqk', '土地征转（权属）情况', 'varchar(1)', 'String', 'tdzqqk', '0', '0', NULL, '1', '1', '1', '1', 'EQ', 'select', 'zhsc_wc', 9, 'admin', '2021-09-03 10:35:31', '', '2021-09-03 15:06:56');
INSERT INTO `gen_table_column` VALUES (56, '9', 'tdsyqsfsh', '土地使用权是否收回', 'varchar(1)', 'String', 'tdsyqsfsh', '0', '0', NULL, '1', '1', '1', '1', 'EQ', 'select', 'zhsc_wc', 10, 'admin', '2021-09-03 10:35:31', '', '2021-09-03 15:06:56');
INSERT INTO `gen_table_column` VALUES (57, '9', 'zxtdz', '注销土地证', 'varchar(1)', 'String', 'zxtdz', '0', '0', NULL, '1', '1', '1', '1', 'EQ', 'select', 'zhsc_wc', 11, 'admin', '2021-09-03 10:35:31', '', '2021-09-03 15:06:56');
INSERT INTO `gen_table_column` VALUES (58, '9', 'lwth', '路网套核', 'varchar(1)', 'String', 'lwth', '0', '0', NULL, '1', '1', '1', '1', 'EQ', 'select', 'zhsc_wc', 12, 'admin', '2021-09-03 10:35:31', '', '2021-09-03 15:06:56');
INSERT INTO `gen_table_column` VALUES (59, '9', 'xmsc', '项目生成', 'varchar(1)', 'String', 'xmsc', '0', '0', NULL, '1', '1', '1', '1', 'EQ', 'select', 'zhsc_wc', 13, 'admin', '2021-09-03 10:35:31', '', '2021-09-03 15:06:56');
INSERT INTO `gen_table_column` VALUES (60, '9', 'fk', '覆矿', 'varchar(1)', 'String', 'fk', '0', '0', NULL, '1', '1', '1', '1', 'EQ', 'select', 'zhsc_wc', 14, 'admin', '2021-09-03 10:35:31', '', '2021-09-03 15:06:56');
INSERT INTO `gen_table_column` VALUES (61, '9', 'zz', '质灾', 'varchar(1)', 'String', 'zz', '0', '0', NULL, '1', '1', '1', '1', 'EQ', 'select', 'zhsc_wc', 15, 'admin', '2021-09-03 10:35:31', '', '2021-09-03 15:06:56');
INSERT INTO `gen_table_column` VALUES (62, '9', 'ly', '涝隐', 'varchar(1)', 'String', 'ly', '0', '0', NULL, '1', '1', '1', '1', 'EQ', 'select', 'zhsc_wc', 16, 'admin', '2021-09-03 10:35:31', '', '2021-09-03 15:06:56');
INSERT INTO `gen_table_column` VALUES (63, '9', 'wk', '物勘', 'varchar(1)', 'String', 'wk', '0', '0', NULL, '1', '1', '1', '1', 'EQ', 'select', 'zhsc_wc', 17, 'admin', '2021-09-03 10:35:31', '', '2021-09-03 15:06:56');
INSERT INTO `gen_table_column` VALUES (64, '9', 'rw', '壤污', 'varchar(1)', 'String', 'rw', '0', '0', NULL, '1', '1', '1', '1', 'EQ', 'select', 'zhsc_wc', 18, 'admin', '2021-09-03 10:35:31', '', '2021-09-03 15:06:56');
INSERT INTO `gen_table_column` VALUES (65, '9', 'kgbzqk', '控规编制情况', 'varchar(1)', 'String', 'kgbzqk', '0', '0', NULL, '1', '1', '1', '1', 'EQ', 'select', 'zhsc_wc', 19, 'admin', '2021-09-03 10:35:31', '', '2021-09-03 15:06:56');
INSERT INTO `gen_table_column` VALUES (66, '9', 'bcqk', '补偿情况', 'varchar(1)', 'String', 'bcqk', '0', '0', NULL, '1', '1', '1', '1', 'EQ', 'select', 'zhsc_wc', 20, 'admin', '2021-09-03 10:35:31', '', '2021-09-03 15:06:56');
INSERT INTO `gen_table_column` VALUES (67, '9', 'cqqk', '拆迁情况', 'varchar(1)', 'String', 'cqqk', '0', '0', NULL, '1', '1', '1', '1', 'EQ', 'select', 'zhsc_wc', 21, 'admin', '2021-09-03 10:35:31', '', '2021-09-03 15:06:56');
INSERT INTO `gen_table_column` VALUES (68, '9', 'dxgwhc', '地下管网核查', 'varchar(1)', 'String', 'dxgwhc', '0', '0', NULL, '1', '1', '1', '1', 'EQ', 'select', 'zhsc_wc', 22, 'admin', '2021-09-03 10:35:31', '', '2021-09-03 15:06:56');
INSERT INTO `gen_table_column` VALUES (69, '9', 'ljqy', '垃圾清运', 'varchar(1)', 'String', 'ljqy', '0', '0', NULL, '1', '1', '1', '1', 'EQ', 'select', 'zhsc_wc', 23, 'admin', '2021-09-03 10:35:31', '', '2021-09-03 15:06:56');
INSERT INTO `gen_table_column` VALUES (70, '9', 'cbhtqd', '储备合同签订', 'varchar(1)', 'String', 'cbhtqd', '0', '0', NULL, '1', '1', '1', '1', 'EQ', 'select', 'zhsc_wc', 24, 'admin', '2021-09-03 10:35:31', '', '2021-09-03 15:06:56');
INSERT INTO `gen_table_column` VALUES (71, '9', 'bcfzf', '补偿费支付', 'varchar(1)', 'String', 'bcfzf', '0', '0', NULL, '1', '1', '1', '1', 'EQ', 'select', 'zhsc_wc', 25, 'admin', '2021-09-03 10:35:31', '', '2021-09-03 15:06:56');
INSERT INTO `gen_table_column` VALUES (72, '9', 'cbhs', '成本核算', 'varchar(1)', 'String', 'cbhs', '0', '0', NULL, '1', '1', '1', '1', 'EQ', 'select', 'zhsc_wc', 26, 'admin', '2021-09-03 10:35:31', '', '2021-09-03 15:06:56');
INSERT INTO `gen_table_column` VALUES (73, '9', 'bjhc', '边界核查', 'varchar(1)', 'String', 'bjhc', '0', '0', NULL, '1', '1', '1', '1', 'EQ', 'select', 'zhsc_wc', 27, 'admin', '2021-09-03 10:35:31', '', '2021-09-03 15:06:56');
INSERT INTO `gen_table_column` VALUES (74, '9', 'tqgd', '提请供地', 'varchar(1)', 'String', 'tqgd', '0', '0', NULL, '1', '1', '1', '1', 'EQ', 'select', 'zhsc_wc', 28, 'admin', '2021-09-03 10:35:31', '', '2021-09-03 15:06:56');
INSERT INTO `gen_table_column` VALUES (101, '13', 'dict_code', '字典编码', 'bigint(20)', 'Long', 'dictCode', '1', '1', NULL, '1', NULL, NULL, NULL, 'EQ', 'input', '', 1, 'admin', '2021-09-18 16:32:56', '', '2021-09-18 16:53:45');
INSERT INTO `gen_table_column` VALUES (102, '13', 'dict_sort', '字典排序', 'int(4)', 'Integer', 'dictSort', '0', '0', NULL, '1', '1', '1', '1', 'EQ', 'input', '', 2, 'admin', '2021-09-18 16:32:56', '', '2021-09-18 16:53:45');
INSERT INTO `gen_table_column` VALUES (103, '13', 'dict_label', '字典标签', 'varchar(100)', 'String', 'dictLabel', '0', '0', NULL, '1', '1', '1', '1', 'EQ', 'input', '', 3, 'admin', '2021-09-18 16:32:56', '', '2021-09-18 16:53:45');
INSERT INTO `gen_table_column` VALUES (104, '13', 'dict_value', '字典键值', 'varchar(100)', 'String', 'dictValue', '0', '0', NULL, '1', '1', '1', '1', 'EQ', 'input', '', 4, 'admin', '2021-09-18 16:32:56', '', '2021-09-18 16:53:45');
INSERT INTO `gen_table_column` VALUES (105, '13', 'dict_type', '字典类型', 'varchar(100)', 'String', 'dictType', '0', '0', NULL, '1', '1', '1', '1', 'EQ', 'select', '', 5, 'admin', '2021-09-18 16:32:56', '', '2021-09-18 16:53:45');
INSERT INTO `gen_table_column` VALUES (106, '13', 'css_class', '样式属性（其他样式扩展）', 'varchar(100)', 'String', 'cssClass', '0', '0', NULL, '1', '1', '1', '1', 'EQ', 'input', '', 6, 'admin', '2021-09-18 16:32:56', '', '2021-09-18 16:53:45');
INSERT INTO `gen_table_column` VALUES (107, '13', 'list_class', '表格回显样式', 'varchar(100)', 'String', 'listClass', '0', '0', NULL, '1', '1', '1', '1', 'EQ', 'input', '', 7, 'admin', '2021-09-18 16:32:56', '', '2021-09-18 16:53:45');
INSERT INTO `gen_table_column` VALUES (108, '13', 'is_default', '是否默认（Y是 N否）', 'char(1)', 'String', 'isDefault', '0', '0', NULL, '1', '1', '1', '1', 'EQ', 'input', '', 8, 'admin', '2021-09-18 16:32:56', '', '2021-09-18 16:53:45');
INSERT INTO `gen_table_column` VALUES (109, '13', 'status', '状态（0正常 1停用）', 'char(1)', 'String', 'status', '0', '0', NULL, '1', '1', '1', '1', 'EQ', 'radio', '', 9, 'admin', '2021-09-18 16:32:56', '', '2021-09-18 16:53:45');
INSERT INTO `gen_table_column` VALUES (110, '13', 'create_by', '创建者', 'varchar(64)', 'String', 'createBy', '0', '0', NULL, '1', NULL, NULL, NULL, 'EQ', 'input', '', 10, 'admin', '2021-09-18 16:32:56', '', '2021-09-18 16:53:45');
INSERT INTO `gen_table_column` VALUES (111, '13', 'create_time', '创建时间', 'datetime', 'Date', 'createTime', '0', '0', NULL, '1', NULL, NULL, NULL, 'EQ', 'datetime', '', 11, 'admin', '2021-09-18 16:32:56', '', '2021-09-18 16:53:45');
INSERT INTO `gen_table_column` VALUES (112, '13', 'update_by', '更新者', 'varchar(64)', 'String', 'updateBy', '0', '0', NULL, '1', '1', NULL, NULL, 'EQ', 'input', '', 12, 'admin', '2021-09-18 16:32:56', '', '2021-09-18 16:53:45');
INSERT INTO `gen_table_column` VALUES (113, '13', 'update_time', '更新时间', 'datetime', 'Date', 'updateTime', '0', '0', NULL, '1', '1', NULL, NULL, 'EQ', 'datetime', '', 13, 'admin', '2021-09-18 16:32:56', '', '2021-09-18 16:53:45');
INSERT INTO `gen_table_column` VALUES (114, '13', 'remark', '备注', 'varchar(500)', 'String', 'remark', '0', '0', NULL, '1', '1', '1', NULL, 'EQ', 'textarea', '', 14, 'admin', '2021-09-18 16:32:56', '', '2021-09-18 16:53:45');
INSERT INTO `gen_table_column` VALUES (115, '14', 'camera_id', '监控ID', 'bigint(20)', 'Long', 'cameraId', '1', '1', NULL, '1', NULL, NULL, NULL, 'EQ', 'input', '', 1, 'admin', '2021-09-18 17:56:14', '', '2021-09-18 17:57:14');
INSERT INTO `gen_table_column` VALUES (116, '14', 'url', '视频源地址', 'varchar(255)', 'String', 'url', '0', '0', NULL, '1', '1', '1', '1', 'EQ', 'input', '', 2, 'admin', '2021-09-18 17:56:14', '', '2021-09-18 17:57:14');
INSERT INTO `gen_table_column` VALUES (117, '14', 'flv', '是否开启flv', 'varchar(1)', 'String', 'flv', '0', '0', NULL, '1', '1', '1', '1', 'EQ', 'radio', 'sys_yes_no', 3, 'admin', '2021-09-18 17:56:14', '', '2021-09-18 17:57:14');
INSERT INTO `gen_table_column` VALUES (118, '14', 'hls', '是否开启hls', 'varchar(1)', 'String', 'hls', '0', '0', NULL, '1', '1', '1', '1', 'EQ', 'radio', 'sys_yes_no', 4, 'admin', '2021-09-18 17:56:14', '', '2021-09-18 17:57:14');
INSERT INTO `gen_table_column` VALUES (119, '14', 'mode', 'flv方式', 'int(1)', 'Integer', 'mode', '0', '0', NULL, '1', '1', '1', '1', 'EQ', 'radio', 'camera_mode', 5, 'admin', '2021-09-18 17:56:14', '', '2021-09-18 17:57:14');
INSERT INTO `gen_table_column` VALUES (120, '14', 'autoclose', '无人拉流是否自动关闭流', 'varchar(1)', 'String', 'autoclose', '0', '0', NULL, '1', '1', '1', '1', 'EQ', 'radio', 'sys_yes_no', 6, 'admin', '2021-09-18 17:56:14', '', '2021-09-18 17:57:14');
INSERT INTO `gen_table_column` VALUES (121, '14', 'type', '类型', 'int(1)', 'Integer', 'type', '0', '0', NULL, '1', '1', '1', '1', 'EQ', 'radio', 'camera_type', 7, 'admin', '2021-09-18 17:56:14', '', '2021-09-18 17:57:14');
INSERT INTO `gen_table_column` VALUES (122, '14', 'mediaKey', 'md5媒体标识', 'varchar(255)', 'String', 'mediakey', '0', '0', NULL, '1', '1', '1', '1', 'EQ', 'input', '', 8, 'admin', '2021-09-18 17:56:14', '', '2021-09-18 17:57:14');
INSERT INTO `gen_table_column` VALUES (123, '14', 'remark', '备注', 'varchar(500)', 'String', 'remark', '0', '0', NULL, '1', '1', '1', NULL, 'EQ', 'textarea', '', 9, 'admin', '2021-09-18 17:56:14', '', '2021-09-18 17:57:14');

-- ----------------------------
-- Table structure for qrtz_blob_triggers
-- ----------------------------
DROP TABLE IF EXISTS `qrtz_blob_triggers`;
CREATE TABLE `qrtz_blob_triggers`  (
  `sched_name` varchar(120) CHARACTER SET utf8 COLLATE utf8_general_ci NOT NULL,
  `trigger_name` varchar(200) CHARACTER SET utf8 COLLATE utf8_general_ci NOT NULL,
  `trigger_group` varchar(200) CHARACTER SET utf8 COLLATE utf8_general_ci NOT NULL,
  `blob_data` blob NULL,
  PRIMARY KEY (`sched_name`, `trigger_name`, `trigger_group`) USING BTREE,
  CONSTRAINT `qrtz_blob_triggers_ibfk_1` FOREIGN KEY (`sched_name`, `trigger_name`, `trigger_group`) REFERENCES `qrtz_triggers` (`sched_name`, `trigger_name`, `trigger_group`) ON DELETE RESTRICT ON UPDATE RESTRICT
) ENGINE = InnoDB CHARACTER SET = utf8 COLLATE = utf8_general_ci ROW_FORMAT = Dynamic;

-- ----------------------------
-- Records of qrtz_blob_triggers
-- ----------------------------

-- ----------------------------
-- Table structure for qrtz_calendars
-- ----------------------------
DROP TABLE IF EXISTS `qrtz_calendars`;
CREATE TABLE `qrtz_calendars`  (
  `sched_name` varchar(120) CHARACTER SET utf8 COLLATE utf8_general_ci NOT NULL,
  `calendar_name` varchar(200) CHARACTER SET utf8 COLLATE utf8_general_ci NOT NULL,
  `calendar` blob NOT NULL,
  PRIMARY KEY (`sched_name`, `calendar_name`) USING BTREE
) ENGINE = InnoDB CHARACTER SET = utf8 COLLATE = utf8_general_ci ROW_FORMAT = Dynamic;

-- ----------------------------
-- Records of qrtz_calendars
-- ----------------------------

-- ----------------------------
-- Table structure for qrtz_cron_triggers
-- ----------------------------
DROP TABLE IF EXISTS `qrtz_cron_triggers`;
CREATE TABLE `qrtz_cron_triggers`  (
  `sched_name` varchar(120) CHARACTER SET utf8 COLLATE utf8_general_ci NOT NULL,
  `trigger_name` varchar(200) CHARACTER SET utf8 COLLATE utf8_general_ci NOT NULL,
  `trigger_group` varchar(200) CHARACTER SET utf8 COLLATE utf8_general_ci NOT NULL,
  `cron_expression` varchar(200) CHARACTER SET utf8 COLLATE utf8_general_ci NOT NULL,
  `time_zone_id` varchar(80) CHARACTER SET utf8 COLLATE utf8_general_ci NULL DEFAULT NULL,
  PRIMARY KEY (`sched_name`, `trigger_name`, `trigger_group`) USING BTREE,
  CONSTRAINT `qrtz_cron_triggers_ibfk_1` FOREIGN KEY (`sched_name`, `trigger_name`, `trigger_group`) REFERENCES `qrtz_triggers` (`sched_name`, `trigger_name`, `trigger_group`) ON DELETE RESTRICT ON UPDATE RESTRICT
) ENGINE = InnoDB CHARACTER SET = utf8 COLLATE = utf8_general_ci ROW_FORMAT = Dynamic;

-- ----------------------------
-- Records of qrtz_cron_triggers
-- ----------------------------
INSERT INTO `qrtz_cron_triggers` VALUES ('jzsjcdlxxzxScheduler', 'TASK_CLASS_NAME1', 'DEFAULT', '0/10 * * * * ?', 'Asia/Shanghai');
INSERT INTO `qrtz_cron_triggers` VALUES ('jzsjcdlxxzxScheduler', 'TASK_CLASS_NAME2', 'DEFAULT', '0/15 * * * * ?', 'Asia/Shanghai');
INSERT INTO `qrtz_cron_triggers` VALUES ('jzsjcdlxxzxScheduler', 'TASK_CLASS_NAME3', 'DEFAULT', '0/20 * * * * ?', 'Asia/Shanghai');
INSERT INTO `qrtz_cron_triggers` VALUES ('RuoyiScheduler', 'TASK_CLASS_NAME1', 'DEFAULT', '0/10 * * * * ?', 'Asia/Shanghai');
INSERT INTO `qrtz_cron_triggers` VALUES ('RuoyiScheduler', 'TASK_CLASS_NAME2', 'DEFAULT', '0/15 * * * * ?', 'Asia/Shanghai');
INSERT INTO `qrtz_cron_triggers` VALUES ('RuoyiScheduler', 'TASK_CLASS_NAME3', 'DEFAULT', '0/20 * * * * ?', 'Asia/Shanghai');

-- ----------------------------
-- Table structure for qrtz_fired_triggers
-- ----------------------------
DROP TABLE IF EXISTS `qrtz_fired_triggers`;
CREATE TABLE `qrtz_fired_triggers`  (
  `sched_name` varchar(120) CHARACTER SET utf8 COLLATE utf8_general_ci NOT NULL,
  `entry_id` varchar(95) CHARACTER SET utf8 COLLATE utf8_general_ci NOT NULL,
  `trigger_name` varchar(200) CHARACTER SET utf8 COLLATE utf8_general_ci NOT NULL,
  `trigger_group` varchar(200) CHARACTER SET utf8 COLLATE utf8_general_ci NOT NULL,
  `instance_name` varchar(200) CHARACTER SET utf8 COLLATE utf8_general_ci NOT NULL,
  `fired_time` bigint(13) NOT NULL,
  `sched_time` bigint(13) NOT NULL,
  `priority` int(11) NOT NULL,
  `state` varchar(16) CHARACTER SET utf8 COLLATE utf8_general_ci NOT NULL,
  `job_name` varchar(200) CHARACTER SET utf8 COLLATE utf8_general_ci NULL DEFAULT NULL,
  `job_group` varchar(200) CHARACTER SET utf8 COLLATE utf8_general_ci NULL DEFAULT NULL,
  `is_nonconcurrent` varchar(1) CHARACTER SET utf8 COLLATE utf8_general_ci NULL DEFAULT NULL,
  `requests_recovery` varchar(1) CHARACTER SET utf8 COLLATE utf8_general_ci NULL DEFAULT NULL,
  PRIMARY KEY (`sched_name`, `entry_id`) USING BTREE
) ENGINE = InnoDB CHARACTER SET = utf8 COLLATE = utf8_general_ci ROW_FORMAT = Dynamic;

-- ----------------------------
-- Records of qrtz_fired_triggers
-- ----------------------------

-- ----------------------------
-- Table structure for qrtz_job_details
-- ----------------------------
DROP TABLE IF EXISTS `qrtz_job_details`;
CREATE TABLE `qrtz_job_details`  (
  `sched_name` varchar(120) CHARACTER SET utf8 COLLATE utf8_general_ci NOT NULL,
  `job_name` varchar(200) CHARACTER SET utf8 COLLATE utf8_general_ci NOT NULL,
  `job_group` varchar(200) CHARACTER SET utf8 COLLATE utf8_general_ci NOT NULL,
  `description` varchar(250) CHARACTER SET utf8 COLLATE utf8_general_ci NULL DEFAULT NULL,
  `job_class_name` varchar(250) CHARACTER SET utf8 COLLATE utf8_general_ci NOT NULL,
  `is_durable` varchar(1) CHARACTER SET utf8 COLLATE utf8_general_ci NOT NULL,
  `is_nonconcurrent` varchar(1) CHARACTER SET utf8 COLLATE utf8_general_ci NOT NULL,
  `is_update_data` varchar(1) CHARACTER SET utf8 COLLATE utf8_general_ci NOT NULL,
  `requests_recovery` varchar(1) CHARACTER SET utf8 COLLATE utf8_general_ci NOT NULL,
  `job_data` blob NULL,
  PRIMARY KEY (`sched_name`, `job_name`, `job_group`) USING BTREE
) ENGINE = InnoDB CHARACTER SET = utf8 COLLATE = utf8_general_ci ROW_FORMAT = Dynamic;

-- ----------------------------
-- Records of qrtz_job_details
-- ----------------------------
INSERT INTO `qrtz_job_details` VALUES ('jzsjcdlxxzxScheduler', 'TASK_CLASS_NAME1', 'DEFAULT', NULL, 'com.jzsjcdlxxzx.quartz.util.QuartzDisallowConcurrentExecution', '0', '1', '0', '0', 0xACED0005737200156F72672E71756172747A2E4A6F62446174614D61709FB083E8BFA9B0CB020000787200266F72672E71756172747A2E7574696C732E537472696E674B65794469727479466C61674D61708208E8C3FBC55D280200015A0013616C6C6F77735472616E7369656E74446174617872001D6F72672E71756172747A2E7574696C732E4469727479466C61674D617013E62EAD28760ACE0200025A000564697274794C00036D617074000F4C6A6176612F7574696C2F4D61703B787001737200116A6176612E7574696C2E486173684D61700507DAC1C31660D103000246000A6C6F6164466163746F724900097468726573686F6C6478703F4000000000000C7708000000100000000174000F5441534B5F50524F5045525449455373720024636F6D2E6A7A736A63646C78787A782E71756172747A2E646F6D61696E2E5379734A6F6200000000000000010200084C000A636F6E63757272656E747400124C6A6176612F6C616E672F537472696E673B4C000E63726F6E45787072657373696F6E71007E00094C000C696E766F6B6554617267657471007E00094C00086A6F6247726F757071007E00094C00056A6F6249647400104C6A6176612F6C616E672F4C6F6E673B4C00076A6F624E616D6571007E00094C000D6D697366697265506F6C69637971007E00094C000673746174757371007E00097872002D636F6D2E6A7A736A63646C78787A782E636F6D6D6F6E2E636F72652E646F6D61696E2E42617365456E7469747900000000000000010200094C0009626567696E54696D6571007E00094C0008637265617465427971007E00094C000A63726561746554696D657400104C6A6176612F7574696C2F446174653B4C0007656E6454696D6571007E00094C0006706172616D7371007E00034C000672656D61726B71007E00094C000B73656172636856616C756571007E00094C0008757064617465427971007E00094C000A75706461746554696D6571007E000C78707074000561646D696E7372000E6A6176612E7574696C2E44617465686A81014B59741903000078707708000001754EFD4AC07870707400007070707400013174000E302F3130202A202A202A202A203F74001172795461736B2E72794E6F506172616D7374000744454641554C547372000E6A6176612E6C616E672E4C6F6E673B8BE490CC8F23DF0200014A000576616C7565787200106A6176612E6C616E672E4E756D62657286AC951D0B94E08B02000078700000000000000001740018E7B3BBE7BB9FE9BB98E8AEA4EFBC88E697A0E58F82EFBC8974000133740001317800);
INSERT INTO `qrtz_job_details` VALUES ('jzsjcdlxxzxScheduler', 'TASK_CLASS_NAME2', 'DEFAULT', NULL, 'com.jzsjcdlxxzx.quartz.util.QuartzDisallowConcurrentExecution', '0', '1', '0', '0', 0xACED0005737200156F72672E71756172747A2E4A6F62446174614D61709FB083E8BFA9B0CB020000787200266F72672E71756172747A2E7574696C732E537472696E674B65794469727479466C61674D61708208E8C3FBC55D280200015A0013616C6C6F77735472616E7369656E74446174617872001D6F72672E71756172747A2E7574696C732E4469727479466C61674D617013E62EAD28760ACE0200025A000564697274794C00036D617074000F4C6A6176612F7574696C2F4D61703B787001737200116A6176612E7574696C2E486173684D61700507DAC1C31660D103000246000A6C6F6164466163746F724900097468726573686F6C6478703F4000000000000C7708000000100000000174000F5441534B5F50524F5045525449455373720024636F6D2E6A7A736A63646C78787A782E71756172747A2E646F6D61696E2E5379734A6F6200000000000000010200084C000A636F6E63757272656E747400124C6A6176612F6C616E672F537472696E673B4C000E63726F6E45787072657373696F6E71007E00094C000C696E766F6B6554617267657471007E00094C00086A6F6247726F757071007E00094C00056A6F6249647400104C6A6176612F6C616E672F4C6F6E673B4C00076A6F624E616D6571007E00094C000D6D697366697265506F6C69637971007E00094C000673746174757371007E00097872002D636F6D2E6A7A736A63646C78787A782E636F6D6D6F6E2E636F72652E646F6D61696E2E42617365456E7469747900000000000000010200094C0009626567696E54696D6571007E00094C0008637265617465427971007E00094C000A63726561746554696D657400104C6A6176612F7574696C2F446174653B4C0007656E6454696D6571007E00094C0006706172616D7371007E00034C000672656D61726B71007E00094C000B73656172636856616C756571007E00094C0008757064617465427971007E00094C000A75706461746554696D6571007E000C78707074000561646D696E7372000E6A6176612E7574696C2E44617465686A81014B59741903000078707708000001754EFD4AC07870707400007070707400013174000E302F3135202A202A202A202A203F74001572795461736B2E7279506172616D7328277279272974000744454641554C547372000E6A6176612E6C616E672E4C6F6E673B8BE490CC8F23DF0200014A000576616C7565787200106A6176612E6C616E672E4E756D62657286AC951D0B94E08B02000078700000000000000002740018E7B3BBE7BB9FE9BB98E8AEA4EFBC88E69C89E58F82EFBC8974000133740001317800);
INSERT INTO `qrtz_job_details` VALUES ('jzsjcdlxxzxScheduler', 'TASK_CLASS_NAME3', 'DEFAULT', NULL, 'com.jzsjcdlxxzx.quartz.util.QuartzDisallowConcurrentExecution', '0', '1', '0', '0', 0xACED0005737200156F72672E71756172747A2E4A6F62446174614D61709FB083E8BFA9B0CB020000787200266F72672E71756172747A2E7574696C732E537472696E674B65794469727479466C61674D61708208E8C3FBC55D280200015A0013616C6C6F77735472616E7369656E74446174617872001D6F72672E71756172747A2E7574696C732E4469727479466C61674D617013E62EAD28760ACE0200025A000564697274794C00036D617074000F4C6A6176612F7574696C2F4D61703B787001737200116A6176612E7574696C2E486173684D61700507DAC1C31660D103000246000A6C6F6164466163746F724900097468726573686F6C6478703F4000000000000C7708000000100000000174000F5441534B5F50524F5045525449455373720024636F6D2E6A7A736A63646C78787A782E71756172747A2E646F6D61696E2E5379734A6F6200000000000000010200084C000A636F6E63757272656E747400124C6A6176612F6C616E672F537472696E673B4C000E63726F6E45787072657373696F6E71007E00094C000C696E766F6B6554617267657471007E00094C00086A6F6247726F757071007E00094C00056A6F6249647400104C6A6176612F6C616E672F4C6F6E673B4C00076A6F624E616D6571007E00094C000D6D697366697265506F6C69637971007E00094C000673746174757371007E00097872002D636F6D2E6A7A736A63646C78787A782E636F6D6D6F6E2E636F72652E646F6D61696E2E42617365456E7469747900000000000000010200094C0009626567696E54696D6571007E00094C0008637265617465427971007E00094C000A63726561746554696D657400104C6A6176612F7574696C2F446174653B4C0007656E6454696D6571007E00094C0006706172616D7371007E00034C000672656D61726B71007E00094C000B73656172636856616C756571007E00094C0008757064617465427971007E00094C000A75706461746554696D6571007E000C78707074000561646D696E7372000E6A6176612E7574696C2E44617465686A81014B59741903000078707708000001754EFD4AC07870707400007070707400013174000E302F3230202A202A202A202A203F74003872795461736B2E72794D756C7469706C65506172616D7328277279272C20747275652C20323030304C2C203331362E3530442C203130302974000744454641554C547372000E6A6176612E6C616E672E4C6F6E673B8BE490CC8F23DF0200014A000576616C7565787200106A6176612E6C616E672E4E756D62657286AC951D0B94E08B02000078700000000000000003740018E7B3BBE7BB9FE9BB98E8AEA4EFBC88E5A49AE58F82EFBC8974000133740001317800);
INSERT INTO `qrtz_job_details` VALUES ('RuoyiScheduler', 'TASK_CLASS_NAME1', 'DEFAULT', NULL, 'com.ruoyi.quartz.util.QuartzDisallowConcurrentExecution', '0', '1', '0', '0', 0xACED0005737200156F72672E71756172747A2E4A6F62446174614D61709FB083E8BFA9B0CB020000787200266F72672E71756172747A2E7574696C732E537472696E674B65794469727479466C61674D61708208E8C3FBC55D280200015A0013616C6C6F77735472616E7369656E74446174617872001D6F72672E71756172747A2E7574696C732E4469727479466C61674D617013E62EAD28760ACE0200025A000564697274794C00036D617074000F4C6A6176612F7574696C2F4D61703B787001737200116A6176612E7574696C2E486173684D61700507DAC1C31660D103000246000A6C6F6164466163746F724900097468726573686F6C6478703F4000000000000C7708000000100000000174000F5441534B5F50524F504552544945537372001E636F6D2E72756F79692E71756172747A2E646F6D61696E2E5379734A6F6200000000000000010200084C000A636F6E63757272656E747400124C6A6176612F6C616E672F537472696E673B4C000E63726F6E45787072657373696F6E71007E00094C000C696E766F6B6554617267657471007E00094C00086A6F6247726F757071007E00094C00056A6F6249647400104C6A6176612F6C616E672F4C6F6E673B4C00076A6F624E616D6571007E00094C000D6D697366697265506F6C69637971007E00094C000673746174757371007E000978720027636F6D2E72756F79692E636F6D6D6F6E2E636F72652E646F6D61696E2E42617365456E7469747900000000000000010200094C0009626567696E54696D6571007E00094C0008637265617465427971007E00094C000A63726561746554696D657400104C6A6176612F7574696C2F446174653B4C0007656E6454696D6571007E00094C0006706172616D7371007E00034C000672656D61726B71007E00094C000B73656172636856616C756571007E00094C0008757064617465427971007E00094C000A75706461746554696D6571007E000C78707074000561646D696E7372000E6A6176612E7574696C2E44617465686A81014B59741903000078707708000001754EFD4AC07870707400007070707400013174000E302F3130202A202A202A202A203F74001172795461736B2E72794E6F506172616D7374000744454641554C547372000E6A6176612E6C616E672E4C6F6E673B8BE490CC8F23DF0200014A000576616C7565787200106A6176612E6C616E672E4E756D62657286AC951D0B94E08B02000078700000000000000001740018E7B3BBE7BB9FE9BB98E8AEA4EFBC88E697A0E58F82EFBC8974000133740001317800);
INSERT INTO `qrtz_job_details` VALUES ('RuoyiScheduler', 'TASK_CLASS_NAME2', 'DEFAULT', NULL, 'com.ruoyi.quartz.util.QuartzDisallowConcurrentExecution', '0', '1', '0', '0', 0xACED0005737200156F72672E71756172747A2E4A6F62446174614D61709FB083E8BFA9B0CB020000787200266F72672E71756172747A2E7574696C732E537472696E674B65794469727479466C61674D61708208E8C3FBC55D280200015A0013616C6C6F77735472616E7369656E74446174617872001D6F72672E71756172747A2E7574696C732E4469727479466C61674D617013E62EAD28760ACE0200025A000564697274794C00036D617074000F4C6A6176612F7574696C2F4D61703B787001737200116A6176612E7574696C2E486173684D61700507DAC1C31660D103000246000A6C6F6164466163746F724900097468726573686F6C6478703F4000000000000C7708000000100000000174000F5441534B5F50524F504552544945537372001E636F6D2E72756F79692E71756172747A2E646F6D61696E2E5379734A6F6200000000000000010200084C000A636F6E63757272656E747400124C6A6176612F6C616E672F537472696E673B4C000E63726F6E45787072657373696F6E71007E00094C000C696E766F6B6554617267657471007E00094C00086A6F6247726F757071007E00094C00056A6F6249647400104C6A6176612F6C616E672F4C6F6E673B4C00076A6F624E616D6571007E00094C000D6D697366697265506F6C69637971007E00094C000673746174757371007E000978720027636F6D2E72756F79692E636F6D6D6F6E2E636F72652E646F6D61696E2E42617365456E7469747900000000000000010200094C0009626567696E54696D6571007E00094C0008637265617465427971007E00094C000A63726561746554696D657400104C6A6176612F7574696C2F446174653B4C0007656E6454696D6571007E00094C0006706172616D7371007E00034C000672656D61726B71007E00094C000B73656172636856616C756571007E00094C0008757064617465427971007E00094C000A75706461746554696D6571007E000C78707074000561646D696E7372000E6A6176612E7574696C2E44617465686A81014B59741903000078707708000001754EFD4AC07870707400007070707400013174000E302F3135202A202A202A202A203F74001572795461736B2E7279506172616D7328277279272974000744454641554C547372000E6A6176612E6C616E672E4C6F6E673B8BE490CC8F23DF0200014A000576616C7565787200106A6176612E6C616E672E4E756D62657286AC951D0B94E08B02000078700000000000000002740018E7B3BBE7BB9FE9BB98E8AEA4EFBC88E69C89E58F82EFBC8974000133740001317800);
INSERT INTO `qrtz_job_details` VALUES ('RuoyiScheduler', 'TASK_CLASS_NAME3', 'DEFAULT', NULL, 'com.ruoyi.quartz.util.QuartzDisallowConcurrentExecution', '0', '1', '0', '0', 0xACED0005737200156F72672E71756172747A2E4A6F62446174614D61709FB083E8BFA9B0CB020000787200266F72672E71756172747A2E7574696C732E537472696E674B65794469727479466C61674D61708208E8C3FBC55D280200015A0013616C6C6F77735472616E7369656E74446174617872001D6F72672E71756172747A2E7574696C732E4469727479466C61674D617013E62EAD28760ACE0200025A000564697274794C00036D617074000F4C6A6176612F7574696C2F4D61703B787001737200116A6176612E7574696C2E486173684D61700507DAC1C31660D103000246000A6C6F6164466163746F724900097468726573686F6C6478703F4000000000000C7708000000100000000174000F5441534B5F50524F504552544945537372001E636F6D2E72756F79692E71756172747A2E646F6D61696E2E5379734A6F6200000000000000010200084C000A636F6E63757272656E747400124C6A6176612F6C616E672F537472696E673B4C000E63726F6E45787072657373696F6E71007E00094C000C696E766F6B6554617267657471007E00094C00086A6F6247726F757071007E00094C00056A6F6249647400104C6A6176612F6C616E672F4C6F6E673B4C00076A6F624E616D6571007E00094C000D6D697366697265506F6C69637971007E00094C000673746174757371007E000978720027636F6D2E72756F79692E636F6D6D6F6E2E636F72652E646F6D61696E2E42617365456E7469747900000000000000010200094C0009626567696E54696D6571007E00094C0008637265617465427971007E00094C000A63726561746554696D657400104C6A6176612F7574696C2F446174653B4C0007656E6454696D6571007E00094C0006706172616D7371007E00034C000672656D61726B71007E00094C000B73656172636856616C756571007E00094C0008757064617465427971007E00094C000A75706461746554696D6571007E000C78707074000561646D696E7372000E6A6176612E7574696C2E44617465686A81014B59741903000078707708000001754EFD4AC07870707400007070707400013174000E302F3230202A202A202A202A203F74003872795461736B2E72794D756C7469706C65506172616D7328277279272C20747275652C20323030304C2C203331362E3530442C203130302974000744454641554C547372000E6A6176612E6C616E672E4C6F6E673B8BE490CC8F23DF0200014A000576616C7565787200106A6176612E6C616E672E4E756D62657286AC951D0B94E08B02000078700000000000000003740018E7B3BBE7BB9FE9BB98E8AEA4EFBC88E5A49AE58F82EFBC8974000133740001317800);

-- ----------------------------
-- Table structure for qrtz_locks
-- ----------------------------
DROP TABLE IF EXISTS `qrtz_locks`;
CREATE TABLE `qrtz_locks`  (
  `sched_name` varchar(120) CHARACTER SET utf8 COLLATE utf8_general_ci NOT NULL,
  `lock_name` varchar(40) CHARACTER SET utf8 COLLATE utf8_general_ci NOT NULL,
  PRIMARY KEY (`sched_name`, `lock_name`) USING BTREE
) ENGINE = InnoDB CHARACTER SET = utf8 COLLATE = utf8_general_ci ROW_FORMAT = Dynamic;

-- ----------------------------
-- Records of qrtz_locks
-- ----------------------------
INSERT INTO `qrtz_locks` VALUES ('jzsjcdlxxzxScheduler', 'STATE_ACCESS');
INSERT INTO `qrtz_locks` VALUES ('jzsjcdlxxzxScheduler', 'TRIGGER_ACCESS');
INSERT INTO `qrtz_locks` VALUES ('RuoyiScheduler', 'STATE_ACCESS');
INSERT INTO `qrtz_locks` VALUES ('RuoyiScheduler', 'TRIGGER_ACCESS');

-- ----------------------------
-- Table structure for qrtz_paused_trigger_grps
-- ----------------------------
DROP TABLE IF EXISTS `qrtz_paused_trigger_grps`;
CREATE TABLE `qrtz_paused_trigger_grps`  (
  `sched_name` varchar(120) CHARACTER SET utf8 COLLATE utf8_general_ci NOT NULL,
  `trigger_group` varchar(200) CHARACTER SET utf8 COLLATE utf8_general_ci NOT NULL,
  PRIMARY KEY (`sched_name`, `trigger_group`) USING BTREE
) ENGINE = InnoDB CHARACTER SET = utf8 COLLATE = utf8_general_ci ROW_FORMAT = Dynamic;

-- ----------------------------
-- Records of qrtz_paused_trigger_grps
-- ----------------------------

-- ----------------------------
-- Table structure for qrtz_scheduler_state
-- ----------------------------
DROP TABLE IF EXISTS `qrtz_scheduler_state`;
CREATE TABLE `qrtz_scheduler_state`  (
  `sched_name` varchar(120) CHARACTER SET utf8 COLLATE utf8_general_ci NOT NULL,
  `instance_name` varchar(200) CHARACTER SET utf8 COLLATE utf8_general_ci NOT NULL,
  `last_checkin_time` bigint(13) NOT NULL,
  `checkin_interval` bigint(13) NOT NULL,
  PRIMARY KEY (`sched_name`, `instance_name`) USING BTREE
) ENGINE = InnoDB CHARACTER SET = utf8 COLLATE = utf8_general_ci ROW_FORMAT = Dynamic;

-- ----------------------------
-- Records of qrtz_scheduler_state
-- ----------------------------
INSERT INTO `qrtz_scheduler_state` VALUES ('jzsjcdlxxzxScheduler', 'VM-0-10-centos1631512955257', 1632712841048, 15000);
INSERT INTO `qrtz_scheduler_state` VALUES ('RuoyiScheduler', 'TTPC1629854901460', 1629855102493, 15000);

-- ----------------------------
-- Table structure for qrtz_simple_triggers
-- ----------------------------
DROP TABLE IF EXISTS `qrtz_simple_triggers`;
CREATE TABLE `qrtz_simple_triggers`  (
  `sched_name` varchar(120) CHARACTER SET utf8 COLLATE utf8_general_ci NOT NULL,
  `trigger_name` varchar(200) CHARACTER SET utf8 COLLATE utf8_general_ci NOT NULL,
  `trigger_group` varchar(200) CHARACTER SET utf8 COLLATE utf8_general_ci NOT NULL,
  `repeat_count` bigint(7) NOT NULL,
  `repeat_interval` bigint(12) NOT NULL,
  `times_triggered` bigint(10) NOT NULL,
  PRIMARY KEY (`sched_name`, `trigger_name`, `trigger_group`) USING BTREE,
  CONSTRAINT `qrtz_simple_triggers_ibfk_1` FOREIGN KEY (`sched_name`, `trigger_name`, `trigger_group`) REFERENCES `qrtz_triggers` (`sched_name`, `trigger_name`, `trigger_group`) ON DELETE RESTRICT ON UPDATE RESTRICT
) ENGINE = InnoDB CHARACTER SET = utf8 COLLATE = utf8_general_ci ROW_FORMAT = Dynamic;

-- ----------------------------
-- Records of qrtz_simple_triggers
-- ----------------------------

-- ----------------------------
-- Table structure for qrtz_simprop_triggers
-- ----------------------------
DROP TABLE IF EXISTS `qrtz_simprop_triggers`;
CREATE TABLE `qrtz_simprop_triggers`  (
  `sched_name` varchar(120) CHARACTER SET utf8 COLLATE utf8_general_ci NOT NULL,
  `trigger_name` varchar(200) CHARACTER SET utf8 COLLATE utf8_general_ci NOT NULL,
  `trigger_group` varchar(200) CHARACTER SET utf8 COLLATE utf8_general_ci NOT NULL,
  `str_prop_1` varchar(512) CHARACTER SET utf8 COLLATE utf8_general_ci NULL DEFAULT NULL,
  `str_prop_2` varchar(512) CHARACTER SET utf8 COLLATE utf8_general_ci NULL DEFAULT NULL,
  `str_prop_3` varchar(512) CHARACTER SET utf8 COLLATE utf8_general_ci NULL DEFAULT NULL,
  `int_prop_1` int(11) NULL DEFAULT NULL,
  `int_prop_2` int(11) NULL DEFAULT NULL,
  `long_prop_1` bigint(20) NULL DEFAULT NULL,
  `long_prop_2` bigint(20) NULL DEFAULT NULL,
  `dec_prop_1` decimal(13, 4) NULL DEFAULT NULL,
  `dec_prop_2` decimal(13, 4) NULL DEFAULT NULL,
  `bool_prop_1` varchar(1) CHARACTER SET utf8 COLLATE utf8_general_ci NULL DEFAULT NULL,
  `bool_prop_2` varchar(1) CHARACTER SET utf8 COLLATE utf8_general_ci NULL DEFAULT NULL,
  PRIMARY KEY (`sched_name`, `trigger_name`, `trigger_group`) USING BTREE,
  CONSTRAINT `qrtz_simprop_triggers_ibfk_1` FOREIGN KEY (`sched_name`, `trigger_name`, `trigger_group`) REFERENCES `qrtz_triggers` (`sched_name`, `trigger_name`, `trigger_group`) ON DELETE RESTRICT ON UPDATE RESTRICT
) ENGINE = InnoDB CHARACTER SET = utf8 COLLATE = utf8_general_ci ROW_FORMAT = Dynamic;

-- ----------------------------
-- Records of qrtz_simprop_triggers
-- ----------------------------

-- ----------------------------
-- Table structure for qrtz_triggers
-- ----------------------------
DROP TABLE IF EXISTS `qrtz_triggers`;
CREATE TABLE `qrtz_triggers`  (
  `sched_name` varchar(120) CHARACTER SET utf8 COLLATE utf8_general_ci NOT NULL,
  `trigger_name` varchar(200) CHARACTER SET utf8 COLLATE utf8_general_ci NOT NULL,
  `trigger_group` varchar(200) CHARACTER SET utf8 COLLATE utf8_general_ci NOT NULL,
  `job_name` varchar(200) CHARACTER SET utf8 COLLATE utf8_general_ci NOT NULL,
  `job_group` varchar(200) CHARACTER SET utf8 COLLATE utf8_general_ci NOT NULL,
  `description` varchar(250) CHARACTER SET utf8 COLLATE utf8_general_ci NULL DEFAULT NULL,
  `next_fire_time` bigint(13) NULL DEFAULT NULL,
  `prev_fire_time` bigint(13) NULL DEFAULT NULL,
  `priority` int(11) NULL DEFAULT NULL,
  `trigger_state` varchar(16) CHARACTER SET utf8 COLLATE utf8_general_ci NOT NULL,
  `trigger_type` varchar(8) CHARACTER SET utf8 COLLATE utf8_general_ci NOT NULL,
  `start_time` bigint(13) NOT NULL,
  `end_time` bigint(13) NULL DEFAULT NULL,
  `calendar_name` varchar(200) CHARACTER SET utf8 COLLATE utf8_general_ci NULL DEFAULT NULL,
  `misfire_instr` smallint(2) NULL DEFAULT NULL,
  `job_data` blob NULL,
  PRIMARY KEY (`sched_name`, `trigger_name`, `trigger_group`) USING BTREE,
  INDEX `sched_name`(`sched_name`, `job_name`, `job_group`) USING BTREE,
  CONSTRAINT `qrtz_triggers_ibfk_1` FOREIGN KEY (`sched_name`, `job_name`, `job_group`) REFERENCES `qrtz_job_details` (`sched_name`, `job_name`, `job_group`) ON DELETE RESTRICT ON UPDATE RESTRICT
) ENGINE = InnoDB CHARACTER SET = utf8 COLLATE = utf8_general_ci ROW_FORMAT = Dynamic;

-- ----------------------------
-- Records of qrtz_triggers
-- ----------------------------
INSERT INTO `qrtz_triggers` VALUES ('jzsjcdlxxzxScheduler', 'TASK_CLASS_NAME1', 'DEFAULT', 'TASK_CLASS_NAME1', 'DEFAULT', NULL, 1632477220000, -1, 5, 'PAUSED', 'CRON', 1632477213000, 0, NULL, 2, '');
INSERT INTO `qrtz_triggers` VALUES ('jzsjcdlxxzxScheduler', 'TASK_CLASS_NAME2', 'DEFAULT', 'TASK_CLASS_NAME2', 'DEFAULT', NULL, 1632477225000, -1, 5, 'PAUSED', 'CRON', 1632477213000, 0, NULL, 2, '');
INSERT INTO `qrtz_triggers` VALUES ('jzsjcdlxxzxScheduler', 'TASK_CLASS_NAME3', 'DEFAULT', 'TASK_CLASS_NAME3', 'DEFAULT', NULL, 1632477220000, -1, 5, 'PAUSED', 'CRON', 1632477215000, 0, NULL, 2, '');
INSERT INTO `qrtz_triggers` VALUES ('RuoyiScheduler', 'TASK_CLASS_NAME1', 'DEFAULT', 'TASK_CLASS_NAME1', 'DEFAULT', NULL, 1629854910000, -1, 5, 'PAUSED', 'CRON', 1629854901000, 0, NULL, 2, '');
INSERT INTO `qrtz_triggers` VALUES ('RuoyiScheduler', 'TASK_CLASS_NAME2', 'DEFAULT', 'TASK_CLASS_NAME2', 'DEFAULT', NULL, 1629854910000, -1, 5, 'PAUSED', 'CRON', 1629854902000, 0, NULL, 2, '');
INSERT INTO `qrtz_triggers` VALUES ('RuoyiScheduler', 'TASK_CLASS_NAME3', 'DEFAULT', 'TASK_CLASS_NAME3', 'DEFAULT', NULL, 1629854920000, -1, 5, 'PAUSED', 'CRON', 1629854902000, 0, NULL, 2, '');

-- ----------------------------
-- Table structure for sys_camera
-- ----------------------------
DROP TABLE IF EXISTS `sys_camera`;
CREATE TABLE `sys_camera`  (
  `camera_id` bigint(20) NOT NULL AUTO_INCREMENT COMMENT '监控ID',
  `url` varchar(255) CHARACTER SET utf8mb4 COLLATE utf8mb4_general_ci NULL DEFAULT NULL COMMENT '视频源地址',
  `flv` varchar(1) CHARACTER SET utf8mb4 COLLATE utf8mb4_general_ci NULL DEFAULT NULL COMMENT '是否开启flv',
  `hls` varchar(1) CHARACTER SET utf8mb4 COLLATE utf8mb4_general_ci NULL DEFAULT NULL COMMENT '是否开启hls',
  `mode` int(1) NULL DEFAULT NULL COMMENT 'flv方式',
  `autoclose` varchar(1) CHARACTER SET utf8mb4 COLLATE utf8mb4_general_ci NULL DEFAULT NULL COMMENT '无人拉流是否自动关闭流',
  `type` int(1) NULL DEFAULT NULL COMMENT '类型',
  `mediaKey` varchar(255) CHARACTER SET utf8mb4 COLLATE utf8mb4_general_ci NULL DEFAULT NULL COMMENT 'md5媒体标识',
  `remark` varchar(500) CHARACTER SET utf8mb4 COLLATE utf8mb4_general_ci NULL DEFAULT NULL COMMENT '备注',
  PRIMARY KEY (`camera_id`) USING BTREE
) ENGINE = InnoDB AUTO_INCREMENT = 2 CHARACTER SET = utf8mb4 COLLATE = utf8mb4_general_ci COMMENT = '监控管理' ROW_FORMAT = Dynamic;

-- ----------------------------
-- Records of sys_camera
-- ----------------------------
INSERT INTO `sys_camera` VALUES (1, 'rtsp://admin:zhang@123@192.168.1.10:554/ch1/main/av_stream', 'Y', 'N', 1, 'Y', 0, NULL, NULL);

-- ----------------------------
-- Table structure for sys_config
-- ----------------------------
DROP TABLE IF EXISTS `sys_config`;
CREATE TABLE `sys_config`  (
  `config_id` int(5) NOT NULL AUTO_INCREMENT COMMENT '参数主键',
  `config_name` varchar(100) CHARACTER SET utf8 COLLATE utf8_general_ci NULL DEFAULT '' COMMENT '参数名称',
  `config_key` varchar(100) CHARACTER SET utf8 COLLATE utf8_general_ci NULL DEFAULT '' COMMENT '参数键名',
  `config_value` varchar(500) CHARACTER SET utf8 COLLATE utf8_general_ci NULL DEFAULT '' COMMENT '参数键值',
  `config_type` char(1) CHARACTER SET utf8 COLLATE utf8_general_ci NULL DEFAULT 'N' COMMENT '系统内置（Y是 N否）',
  `create_by` varchar(64) CHARACTER SET utf8 COLLATE utf8_general_ci NULL DEFAULT '' COMMENT '创建者',
  `create_time` datetime(0) NULL DEFAULT NULL COMMENT '创建时间',
  `update_by` varchar(64) CHARACTER SET utf8 COLLATE utf8_general_ci NULL DEFAULT '' COMMENT '更新者',
  `update_time` datetime(0) NULL DEFAULT NULL COMMENT '更新时间',
  `remark` varchar(500) CHARACTER SET utf8 COLLATE utf8_general_ci NULL DEFAULT NULL COMMENT '备注',
  PRIMARY KEY (`config_id`) USING BTREE
) ENGINE = InnoDB AUTO_INCREMENT = 4 CHARACTER SET = utf8 COLLATE = utf8_general_ci COMMENT = '参数配置表' ROW_FORMAT = Dynamic;

-- ----------------------------
-- Records of sys_config
-- ----------------------------
INSERT INTO `sys_config` VALUES (1, '主框架页-默认皮肤样式名称', 'sys.index.skinName', 'skin-blue', 'Y', 'admin', '2020-10-22 14:27:04', '', NULL, '蓝色 skin-blue、绿色 skin-green、紫色 skin-purple、红色 skin-red、黄色 skin-yellow');
INSERT INTO `sys_config` VALUES (2, '用户管理-账号初始密码', 'sys.user.initPassword', '123456', 'Y', 'admin', '2020-10-22 14:27:04', '', NULL, '初始化密码 123456');
INSERT INTO `sys_config` VALUES (3, '主框架页-侧边栏主题', 'sys.index.sideTheme', 'theme-dark', 'Y', 'admin', '2020-10-22 14:27:04', '', NULL, '深色主题theme-dark，浅色主题theme-light');

-- ----------------------------
-- Table structure for sys_dept
-- ----------------------------
DROP TABLE IF EXISTS `sys_dept`;
CREATE TABLE `sys_dept`  (
  `dept_id` bigint(20) NOT NULL AUTO_INCREMENT COMMENT '部门id',
  `parent_id` bigint(20) NULL DEFAULT 0 COMMENT '父部门id',
  `ancestors` varchar(50) CHARACTER SET utf8 COLLATE utf8_general_ci NULL DEFAULT '' COMMENT '祖级列表',
  `dept_name` varchar(30) CHARACTER SET utf8 COLLATE utf8_general_ci NULL DEFAULT '' COMMENT '部门名称',
  `order_num` int(4) NULL DEFAULT 0 COMMENT '显示顺序',
  `leader` varchar(20) CHARACTER SET utf8 COLLATE utf8_general_ci NULL DEFAULT NULL COMMENT '负责人',
  `phone` varchar(11) CHARACTER SET utf8 COLLATE utf8_general_ci NULL DEFAULT NULL COMMENT '联系电话',
  `email` varchar(50) CHARACTER SET utf8 COLLATE utf8_general_ci NULL DEFAULT NULL COMMENT '邮箱',
  `status` char(1) CHARACTER SET utf8 COLLATE utf8_general_ci NULL DEFAULT '0' COMMENT '部门状态（0正常 1停用）',
  `del_flag` char(1) CHARACTER SET utf8 COLLATE utf8_general_ci NULL DEFAULT '0' COMMENT '删除标志（0代表存在 2代表删除）',
  `create_by` varchar(64) CHARACTER SET utf8 COLLATE utf8_general_ci NULL DEFAULT '' COMMENT '创建者',
  `create_time` datetime(0) NULL DEFAULT NULL COMMENT '创建时间',
  `update_by` varchar(64) CHARACTER SET utf8 COLLATE utf8_general_ci NULL DEFAULT '' COMMENT '更新者',
  `update_time` datetime(0) NULL DEFAULT NULL COMMENT '更新时间',
  PRIMARY KEY (`dept_id`) USING BTREE
) ENGINE = InnoDB AUTO_INCREMENT = 202 CHARACTER SET = utf8 COLLATE = utf8_general_ci COMMENT = '部门表' ROW_FORMAT = Dynamic;

-- ----------------------------
-- Records of sys_dept
-- ----------------------------
INSERT INTO `sys_dept` VALUES (10, 0, '0', '焦作市自然资源和规划局', 1, '局领导', '15888888888', 'wbl@qq.com', '0', '0', 'admin', '2020-10-22 14:27:04', 'admin', '2020-11-10 22:10:41');
INSERT INTO `sys_dept` VALUES (100, 0, '0', '测试开发', 0, 'test', '15888888888', 'test@qq.com', '0', '0', 'admin', '2020-10-22 14:27:04', 'admin', '2021-09-02 09:20:30');
INSERT INTO `sys_dept` VALUES (101, 100, '0,100', '深圳总公司', 1, '若依', '15888888888', 'ry@qq.com', '0', '2', 'admin', '2020-10-22 14:27:04', 'admin', '2020-11-10 22:10:19');
INSERT INTO `sys_dept` VALUES (102, 100, '0,100', '长沙分公司', 2, '若依', '15888888888', 'ry@qq.com', '0', '2', 'admin', '2020-10-22 14:27:04', '', NULL);
INSERT INTO `sys_dept` VALUES (103, 100, '0,100', '研发部门', 1, '若依', '15888888888', 'ry@qq.com', '0', '0', 'admin', '2020-10-22 14:27:04', 'admin', '2020-11-10 22:10:13');
INSERT INTO `sys_dept` VALUES (104, 100, '0,100', '市场部门', 2, '若依', '15888888888', 'ry@qq.com', '0', '0', 'admin', '2020-10-22 14:27:04', 'admin', '2020-11-10 22:10:24');
INSERT INTO `sys_dept` VALUES (105, 100, '0,100', '测试部门', 3, '若依', '15888888888', 'ry@qq.com', '0', '0', 'admin', '2020-10-22 14:27:04', 'admin', '2020-11-10 22:10:29');
INSERT INTO `sys_dept` VALUES (106, 100, '0,100', '财务部门', 4, '若依', '15888888888', 'ry@qq.com', '0', '0', 'admin', '2020-10-22 14:27:04', 'admin', '2020-11-10 22:10:34');
INSERT INTO `sys_dept` VALUES (107, 100, '0,100', '运维部门', 5, '若依', '15888888888', 'ry@qq.com', '0', '0', 'admin', '2020-10-22 14:27:04', 'admin', '2020-11-10 22:10:41');
INSERT INTO `sys_dept` VALUES (108, 102, '0,100,102', '市场部门', 1, '若依', '15888888888', 'ry@qq.com', '0', '2', 'admin', '2020-10-22 14:27:04', '', NULL);
INSERT INTO `sys_dept` VALUES (109, 102, '0,100,102', '财务部门', 2, '若依', '15888888888', 'ry@qq.com', '0', '2', 'admin', '2020-10-22 14:27:04', '', NULL);
INSERT INTO `sys_dept` VALUES (200, 10, '0,10', '地信中心', 200, '王变利', '13211112222', NULL, '0', '0', 'admin', '2021-08-24 17:58:53', '', NULL);
INSERT INTO `sys_dept` VALUES (201, 10, '0,10', '土地收储中心', 201, '土地收储中心领导', '13311111111', NULL, '0', '0', 'admin', '2021-08-24 17:59:46', '', NULL);

-- ----------------------------
-- Table structure for sys_dict_data
-- ----------------------------
DROP TABLE IF EXISTS `sys_dict_data`;
CREATE TABLE `sys_dict_data`  (
  `dict_code` bigint(20) NOT NULL AUTO_INCREMENT COMMENT '字典编码',
  `dict_sort` int(4) NULL DEFAULT 0 COMMENT '字典排序',
  `dict_label` varchar(100) CHARACTER SET utf8 COLLATE utf8_general_ci NULL DEFAULT '' COMMENT '字典标签',
  `dict_value` varchar(100) CHARACTER SET utf8 COLLATE utf8_general_ci NULL DEFAULT '' COMMENT '字典键值',
  `dict_type` varchar(100) CHARACTER SET utf8 COLLATE utf8_general_ci NULL DEFAULT '' COMMENT '字典类型',
  `css_class` varchar(100) CHARACTER SET utf8 COLLATE utf8_general_ci NULL DEFAULT NULL COMMENT '样式属性（其他样式扩展）',
  `list_class` varchar(100) CHARACTER SET utf8 COLLATE utf8_general_ci NULL DEFAULT NULL COMMENT '表格回显样式',
  `is_default` char(1) CHARACTER SET utf8 COLLATE utf8_general_ci NULL DEFAULT 'N' COMMENT '是否默认（Y是 N否）',
  `status` char(1) CHARACTER SET utf8 COLLATE utf8_general_ci NULL DEFAULT '0' COMMENT '状态（0正常 1停用）',
  `create_by` varchar(64) CHARACTER SET utf8 COLLATE utf8_general_ci NULL DEFAULT '' COMMENT '创建者',
  `create_time` datetime(0) NULL DEFAULT NULL COMMENT '创建时间',
  `update_by` varchar(64) CHARACTER SET utf8 COLLATE utf8_general_ci NULL DEFAULT '' COMMENT '更新者',
  `update_time` datetime(0) NULL DEFAULT NULL COMMENT '更新时间',
  `remark` varchar(500) CHARACTER SET utf8 COLLATE utf8_general_ci NULL DEFAULT NULL COMMENT '备注',
  PRIMARY KEY (`dict_code`) USING BTREE
) ENGINE = InnoDB AUTO_INCREMENT = 216 CHARACTER SET = utf8 COLLATE = utf8_general_ci COMMENT = '字典数据表' ROW_FORMAT = Dynamic;

-- ----------------------------
-- Records of sys_dict_data
-- ----------------------------
INSERT INTO `sys_dict_data` VALUES (1, 1, '男', '0', 'sys_user_sex', '', '', 'Y', '0', 'admin', '2020-10-22 14:27:04', '', NULL, '性别男');
INSERT INTO `sys_dict_data` VALUES (2, 2, '女', '1', 'sys_user_sex', '', '', 'N', '0', 'admin', '2020-10-22 14:27:04', '', NULL, '性别女');
INSERT INTO `sys_dict_data` VALUES (3, 3, '未知', '2', 'sys_user_sex', '', '', 'N', '0', 'admin', '2020-10-22 14:27:04', '', NULL, '性别未知');
INSERT INTO `sys_dict_data` VALUES (4, 1, '显示', '0', 'sys_show_hide', '', 'primary', 'Y', '0', 'admin', '2020-10-22 14:27:04', '', NULL, '显示菜单');
INSERT INTO `sys_dict_data` VALUES (5, 2, '隐藏', '1', 'sys_show_hide', '', 'danger', 'N', '0', 'admin', '2020-10-22 14:27:04', '', NULL, '隐藏菜单');
INSERT INTO `sys_dict_data` VALUES (6, 1, '正常', '0', 'sys_normal_disable', '', 'primary', 'Y', '0', 'admin', '2020-10-22 14:27:04', '', NULL, '正常状态');
INSERT INTO `sys_dict_data` VALUES (7, 2, '停用', '1', 'sys_normal_disable', '', 'danger', 'N', '0', 'admin', '2020-10-22 14:27:04', '', NULL, '停用状态');
INSERT INTO `sys_dict_data` VALUES (8, 1, '正常', '0', 'sys_job_status', '', 'primary', 'Y', '0', 'admin', '2020-10-22 14:27:04', '', NULL, '正常状态');
INSERT INTO `sys_dict_data` VALUES (9, 2, '暂停', '1', 'sys_job_status', '', 'danger', 'N', '0', 'admin', '2020-10-22 14:27:04', '', NULL, '停用状态');
INSERT INTO `sys_dict_data` VALUES (10, 1, '默认', 'DEFAULT', 'sys_job_group', '', '', 'Y', '0', 'admin', '2020-10-22 14:27:04', '', NULL, '默认分组');
INSERT INTO `sys_dict_data` VALUES (11, 2, '系统', 'SYSTEM', 'sys_job_group', '', '', 'N', '0', 'admin', '2020-10-22 14:27:04', '', NULL, '系统分组');
INSERT INTO `sys_dict_data` VALUES (12, 1, '是', 'Y', 'sys_yes_no', '', 'primary', 'Y', '0', 'admin', '2020-10-22 14:27:04', '', NULL, '系统默认是');
INSERT INTO `sys_dict_data` VALUES (13, 2, '否', 'N', 'sys_yes_no', '', 'danger', 'N', '0', 'admin', '2020-10-22 14:27:04', '', NULL, '系统默认否');
INSERT INTO `sys_dict_data` VALUES (14, 1, '通知', '1', 'sys_notice_type', '', 'warning', 'Y', '0', 'admin', '2020-10-22 14:27:04', '', NULL, '通知');
INSERT INTO `sys_dict_data` VALUES (15, 2, '公告', '2', 'sys_notice_type', '', 'success', 'N', '0', 'admin', '2020-10-22 14:27:04', '', NULL, '公告');
INSERT INTO `sys_dict_data` VALUES (16, 1, '正常', '0', 'sys_notice_status', '', 'primary', 'Y', '0', 'admin', '2020-10-22 14:27:04', '', NULL, '正常状态');
INSERT INTO `sys_dict_data` VALUES (17, 2, '关闭', '1', 'sys_notice_status', '', 'danger', 'N', '0', 'admin', '2020-10-22 14:27:04', '', NULL, '关闭状态');
INSERT INTO `sys_dict_data` VALUES (18, 1, '新增', '1', 'sys_oper_type', '', 'info', 'N', '0', 'admin', '2020-10-22 14:27:04', '', NULL, '新增操作');
INSERT INTO `sys_dict_data` VALUES (19, 2, '修改', '2', 'sys_oper_type', '', 'info', 'N', '0', 'admin', '2020-10-22 14:27:04', '', NULL, '修改操作');
INSERT INTO `sys_dict_data` VALUES (20, 3, '删除', '3', 'sys_oper_type', '', 'danger', 'N', '0', 'admin', '2020-10-22 14:27:04', '', NULL, '删除操作');
INSERT INTO `sys_dict_data` VALUES (21, 4, '授权', '4', 'sys_oper_type', '', 'primary', 'N', '0', 'admin', '2020-10-22 14:27:04', '', NULL, '授权操作');
INSERT INTO `sys_dict_data` VALUES (22, 5, '导出', '5', 'sys_oper_type', '', 'warning', 'N', '0', 'admin', '2020-10-22 14:27:04', '', NULL, '导出操作');
INSERT INTO `sys_dict_data` VALUES (23, 6, '导入', '6', 'sys_oper_type', '', 'warning', 'N', '0', 'admin', '2020-10-22 14:27:04', '', NULL, '导入操作');
INSERT INTO `sys_dict_data` VALUES (24, 7, '强退', '7', 'sys_oper_type', '', 'danger', 'N', '0', 'admin', '2020-10-22 14:27:04', '', NULL, '强退操作');
INSERT INTO `sys_dict_data` VALUES (25, 8, '生成代码', '8', 'sys_oper_type', '', 'warning', 'N', '0', 'admin', '2020-10-22 14:27:04', '', NULL, '生成操作');
INSERT INTO `sys_dict_data` VALUES (26, 9, '清空数据', '9', 'sys_oper_type', '', 'danger', 'N', '0', 'admin', '2020-10-22 14:27:04', '', NULL, '清空操作');
INSERT INTO `sys_dict_data` VALUES (27, 1, '成功', '0', 'sys_common_status', '', 'primary', 'N', '0', 'admin', '2020-10-22 14:27:04', '', NULL, '正常状态');
INSERT INTO `sys_dict_data` VALUES (28, 2, '失败', '1', 'sys_common_status', '', 'danger', 'N', '0', 'admin', '2020-10-22 14:27:04', '', NULL, '停用状态');
INSERT INTO `sys_dict_data` VALUES (100, 1, '进行中', '0', 'activiti_flow_type', NULL, NULL, 'N', '0', 'admin', '2020-10-28 00:03:42', 'admin', '2020-10-28 22:40:58', NULL);
INSERT INTO `sys_dict_data` VALUES (101, 2, '成功', '1', 'activiti_flow_type', NULL, NULL, 'N', '0', 'admin', '2020-10-28 00:03:50', 'admin', '2020-10-28 22:41:09', NULL);
INSERT INTO `sys_dict_data` VALUES (102, 3, '失败', '2', 'activiti_flow_type', NULL, NULL, 'N', '0', 'admin', '2020-10-28 00:04:02', 'admin', '2020-10-28 22:41:17', NULL);
INSERT INTO `sys_dict_data` VALUES (103, 1, '年假', '年假', 'activiti_leave_type', NULL, NULL, 'N', '0', 'admin', '2020-10-28 00:07:14', 'admin', '2020-11-04 17:41:02', NULL);
INSERT INTO `sys_dict_data` VALUES (104, 2, '病假', '病假', 'activiti_leave_type', NULL, NULL, 'N', '0', 'admin', '2020-10-28 00:07:27', 'admin', '2020-11-04 17:41:07', NULL);
INSERT INTO `sys_dict_data` VALUES (105, 3, '事假', '事假', 'activiti_leave_type', NULL, NULL, 'N', '0', 'admin', '2020-10-28 00:07:48', 'admin', '2020-11-04 17:41:12', NULL);
INSERT INTO `sys_dict_data` VALUES (201, 1, '山阳区', '1', 'zhsc_xq', '', '', 'N', '0', 'admin', '2020-10-22 14:27:04', '', NULL, '辖区');
INSERT INTO `sys_dict_data` VALUES (202, 2, '解放区', '2', 'zhsc_xq', '', '', 'N', '0', 'admin', '2020-10-22 14:27:04', '', NULL, '辖区');
INSERT INTO `sys_dict_data` VALUES (203, 3, '中站区', '3', 'zhsc_xq', '', '', 'N', '0', 'admin', '2020-10-22 14:27:04', '', NULL, '辖区');
INSERT INTO `sys_dict_data` VALUES (204, 4, '马村区', '4', 'zhsc_xq', '', '', 'N', '0', 'admin', '2020-10-22 14:27:04', '', NULL, '辖区');
INSERT INTO `sys_dict_data` VALUES (205, 5, '示范区', '5', 'zhsc_xq', '', '', 'N', '0', 'admin', '2020-10-22 14:27:04', '', NULL, '辖区');
INSERT INTO `sys_dict_data` VALUES (206, 6, '其它', '6', 'zhsc_xq', '', '', 'N', '0', 'admin', '2020-10-22 14:27:04', '', NULL, '辖区');
INSERT INTO `sys_dict_data` VALUES (207, 1, '完成', 'Y', 'zhsc_wc', '', 'success', 'N', '0', 'admin', '2020-10-22 14:27:04', '', NULL, '是否完成');
INSERT INTO `sys_dict_data` VALUES (208, 2, '未完成', 'N', 'zhsc_wc', '', 'warning', 'N', '0', 'admin', '2020-10-22 14:27:04', '', NULL, '是否完成');
INSERT INTO `sys_dict_data` VALUES (209, 1, '收储一组', '1', 'zhsc_zb', '', '', 'N', '0', 'admin', '2020-10-22 14:27:04', '', NULL, '组别');
INSERT INTO `sys_dict_data` VALUES (210, 2, '收储二组', '2', 'zhsc_zb', '', '', 'N', '0', 'admin', '2020-10-22 14:27:04', '', NULL, '组别');
INSERT INTO `sys_dict_data` VALUES (211, 3, '收储三组', '3', 'zhsc_zb', '', '', 'N', '0', 'admin', '2020-10-22 14:27:04', '', NULL, '组别');
INSERT INTO `sys_dict_data` VALUES (212, 1, 'opencv', '1', 'camera_mode', '', '', 'N', '0', 'admin', '2020-10-22 14:27:04', '', NULL, '拉流方式');
INSERT INTO `sys_dict_data` VALUES (213, 2, 'ffmpeg', '0', 'camera_mode', '', '', 'N', '0', 'admin', '2020-10-22 14:27:04', '', NULL, '拉流方式');
INSERT INTO `sys_dict_data` VALUES (214, 1, '本地视频', '1', 'camera_type', '', '', 'N', '0', 'admin', '2020-10-22 14:27:04', '', NULL, '监控流类型');
INSERT INTO `sys_dict_data` VALUES (215, 2, '网络流', '0', 'camera_type', '', '', 'N', '0', 'admin', '2020-10-22 14:27:04', '', NULL, '监控流类型');

-- ----------------------------
-- Table structure for sys_dict_type
-- ----------------------------
DROP TABLE IF EXISTS `sys_dict_type`;
CREATE TABLE `sys_dict_type`  (
  `dict_id` bigint(20) NOT NULL AUTO_INCREMENT COMMENT '字典主键',
  `dict_name` varchar(100) CHARACTER SET utf8 COLLATE utf8_general_ci NULL DEFAULT '' COMMENT '字典名称',
  `dict_type` varchar(100) CHARACTER SET utf8 COLLATE utf8_general_ci NULL DEFAULT '' COMMENT '字典类型',
  `status` char(1) CHARACTER SET utf8 COLLATE utf8_general_ci NULL DEFAULT '0' COMMENT '状态（0正常 1停用）',
  `create_by` varchar(64) CHARACTER SET utf8 COLLATE utf8_general_ci NULL DEFAULT '' COMMENT '创建者',
  `create_time` datetime(0) NULL DEFAULT NULL COMMENT '创建时间',
  `update_by` varchar(64) CHARACTER SET utf8 COLLATE utf8_general_ci NULL DEFAULT '' COMMENT '更新者',
  `update_time` datetime(0) NULL DEFAULT NULL COMMENT '更新时间',
  `remark` varchar(500) CHARACTER SET utf8 COLLATE utf8_general_ci NULL DEFAULT NULL COMMENT '备注',
  PRIMARY KEY (`dict_id`) USING BTREE,
  UNIQUE INDEX `dict_type`(`dict_type`) USING BTREE
) ENGINE = InnoDB AUTO_INCREMENT = 107 CHARACTER SET = utf8 COLLATE = utf8_general_ci COMMENT = '字典类型表' ROW_FORMAT = Dynamic;

-- ----------------------------
-- Records of sys_dict_type
-- ----------------------------
INSERT INTO `sys_dict_type` VALUES (1, '用户性别', 'sys_user_sex', '0', 'admin', '2020-10-22 14:27:04', '', NULL, '用户性别列表');
INSERT INTO `sys_dict_type` VALUES (2, '菜单状态', 'sys_show_hide', '0', 'admin', '2020-10-22 14:27:04', '', NULL, '菜单状态列表');
INSERT INTO `sys_dict_type` VALUES (3, '系统开关', 'sys_normal_disable', '0', 'admin', '2020-10-22 14:27:04', '', NULL, '系统开关列表');
INSERT INTO `sys_dict_type` VALUES (4, '任务状态', 'sys_job_status', '0', 'admin', '2020-10-22 14:27:04', '', NULL, '任务状态列表');
INSERT INTO `sys_dict_type` VALUES (5, '任务分组', 'sys_job_group', '0', 'admin', '2020-10-22 14:27:04', '', NULL, '任务分组列表');
INSERT INTO `sys_dict_type` VALUES (6, '系统是否', 'sys_yes_no', '0', 'admin', '2020-10-22 14:27:04', '', NULL, '系统是否列表');
INSERT INTO `sys_dict_type` VALUES (7, '通知类型', 'sys_notice_type', '0', 'admin', '2020-10-22 14:27:04', '', NULL, '通知类型列表');
INSERT INTO `sys_dict_type` VALUES (8, '通知状态', 'sys_notice_status', '0', 'admin', '2020-10-22 14:27:04', '', NULL, '通知状态列表');
INSERT INTO `sys_dict_type` VALUES (9, '操作类型', 'sys_oper_type', '0', 'admin', '2020-10-22 14:27:04', '', NULL, '操作类型列表');
INSERT INTO `sys_dict_type` VALUES (10, '系统状态', 'sys_common_status', '0', 'admin', '2020-10-22 14:27:04', '', NULL, '登录状态列表');
INSERT INTO `sys_dict_type` VALUES (100, 'OA状态', 'activiti_flow_type', '0', 'admin', '2020-10-28 00:01:56', 'admin', '2020-10-28 00:02:43', 'OA流程状态');
INSERT INTO `sys_dict_type` VALUES (101, '请假类型', 'activiti_leave_type', '0', 'admin', '2020-10-28 00:06:10', 'admin', '2020-10-28 00:06:34', NULL);
INSERT INTO `sys_dict_type` VALUES (102, '是否完成', 'zhsc_wc', '0', 'admin', '2021-09-03 08:37:36', '', NULL, '是否完成');
INSERT INTO `sys_dict_type` VALUES (103, '辖区', 'zhsc_xq', '0', 'admin', '2021-09-03 09:17:15', '', NULL, '辖区');
INSERT INTO `sys_dict_type` VALUES (104, '组别', 'zhsc_zb', '0', 'admin', '2021-09-03 09:17:33', '', NULL, '组别');
INSERT INTO `sys_dict_type` VALUES (105, '拉流方式', 'camera_mode', '0', 'admin', '2021-09-18 15:32:12', 'admin', '2021-09-18 15:32:54', 'opencv/ffmpeg');
INSERT INTO `sys_dict_type` VALUES (106, '监控流类型', 'camera_type', '0', 'admin', '2021-09-18 16:27:45', '', NULL, '0网络流，1本地视频');

-- ----------------------------
-- Table structure for sys_job
-- ----------------------------
DROP TABLE IF EXISTS `sys_job`;
CREATE TABLE `sys_job`  (
  `job_id` bigint(20) NOT NULL AUTO_INCREMENT COMMENT '任务ID',
  `job_name` varchar(64) CHARACTER SET utf8 COLLATE utf8_general_ci NOT NULL DEFAULT '' COMMENT '任务名称',
  `job_group` varchar(64) CHARACTER SET utf8 COLLATE utf8_general_ci NOT NULL DEFAULT 'DEFAULT' COMMENT '任务组名',
  `invoke_target` varchar(500) CHARACTER SET utf8 COLLATE utf8_general_ci NOT NULL COMMENT '调用目标字符串',
  `cron_expression` varchar(255) CHARACTER SET utf8 COLLATE utf8_general_ci NULL DEFAULT '' COMMENT 'cron执行表达式',
  `misfire_policy` varchar(20) CHARACTER SET utf8 COLLATE utf8_general_ci NULL DEFAULT '3' COMMENT '计划执行错误策略（1立即执行 2执行一次 3放弃执行）',
  `concurrent` char(1) CHARACTER SET utf8 COLLATE utf8_general_ci NULL DEFAULT '1' COMMENT '是否并发执行（0允许 1禁止）',
  `status` char(1) CHARACTER SET utf8 COLLATE utf8_general_ci NULL DEFAULT '0' COMMENT '状态（0正常 1暂停）',
  `create_by` varchar(64) CHARACTER SET utf8 COLLATE utf8_general_ci NULL DEFAULT '' COMMENT '创建者',
  `create_time` datetime(0) NULL DEFAULT NULL COMMENT '创建时间',
  `update_by` varchar(64) CHARACTER SET utf8 COLLATE utf8_general_ci NULL DEFAULT '' COMMENT '更新者',
  `update_time` datetime(0) NULL DEFAULT NULL COMMENT '更新时间',
  `remark` varchar(500) CHARACTER SET utf8 COLLATE utf8_general_ci NULL DEFAULT '' COMMENT '备注信息',
  PRIMARY KEY (`job_id`, `job_name`, `job_group`) USING BTREE
) ENGINE = InnoDB AUTO_INCREMENT = 4 CHARACTER SET = utf8 COLLATE = utf8_general_ci COMMENT = '定时任务调度表' ROW_FORMAT = Dynamic;

-- ----------------------------
-- Records of sys_job
-- ----------------------------
INSERT INTO `sys_job` VALUES (1, '系统默认（无参）', 'DEFAULT', 'ryTask.ryNoParams', '0/10 * * * * ?', '3', '1', '1', 'admin', '2020-10-22 14:27:04', '', NULL, '');
INSERT INTO `sys_job` VALUES (2, '系统默认（有参）', 'DEFAULT', 'ryTask.ryParams(\'ry\')', '0/15 * * * * ?', '3', '1', '1', 'admin', '2020-10-22 14:27:04', '', NULL, '');
INSERT INTO `sys_job` VALUES (3, '系统默认（多参）', 'DEFAULT', 'ryTask.ryMultipleParams(\'ry\', true, 2000L, 316.50D, 100)', '0/20 * * * * ?', '3', '1', '1', 'admin', '2020-10-22 14:27:04', '', NULL, '');

-- ----------------------------
-- Table structure for sys_job_log
-- ----------------------------
DROP TABLE IF EXISTS `sys_job_log`;
CREATE TABLE `sys_job_log`  (
  `job_log_id` bigint(20) NOT NULL AUTO_INCREMENT COMMENT '任务日志ID',
  `job_name` varchar(64) CHARACTER SET utf8 COLLATE utf8_general_ci NOT NULL COMMENT '任务名称',
  `job_group` varchar(64) CHARACTER SET utf8 COLLATE utf8_general_ci NOT NULL COMMENT '任务组名',
  `invoke_target` varchar(500) CHARACTER SET utf8 COLLATE utf8_general_ci NOT NULL COMMENT '调用目标字符串',
  `job_message` varchar(500) CHARACTER SET utf8 COLLATE utf8_general_ci NULL DEFAULT NULL COMMENT '日志信息',
  `status` char(1) CHARACTER SET utf8 COLLATE utf8_general_ci NULL DEFAULT '0' COMMENT '执行状态（0正常 1失败）',
  `exception_info` varchar(2000) CHARACTER SET utf8 COLLATE utf8_general_ci NULL DEFAULT '' COMMENT '异常信息',
  `create_time` datetime(0) NULL DEFAULT NULL COMMENT '创建时间',
  PRIMARY KEY (`job_log_id`) USING BTREE
) ENGINE = InnoDB AUTO_INCREMENT = 1 CHARACTER SET = utf8 COLLATE = utf8_general_ci COMMENT = '定时任务调度日志表' ROW_FORMAT = Dynamic;

-- ----------------------------
-- Records of sys_job_log
-- ----------------------------

-- ----------------------------
-- Table structure for sys_logininfor
-- ----------------------------
DROP TABLE IF EXISTS `sys_logininfor`;
CREATE TABLE `sys_logininfor`  (
  `info_id` bigint(20) NOT NULL AUTO_INCREMENT COMMENT '访问ID',
  `user_name` varchar(50) CHARACTER SET utf8 COLLATE utf8_general_ci NULL DEFAULT '' COMMENT '用户账号',
  `ipaddr` varchar(50) CHARACTER SET utf8 COLLATE utf8_general_ci NULL DEFAULT '' COMMENT '登录IP地址',
  `login_location` varchar(255) CHARACTER SET utf8 COLLATE utf8_general_ci NULL DEFAULT '' COMMENT '登录地点',
  `browser` varchar(50) CHARACTER SET utf8 COLLATE utf8_general_ci NULL DEFAULT '' COMMENT '浏览器类型',
  `os` varchar(50) CHARACTER SET utf8 COLLATE utf8_general_ci NULL DEFAULT '' COMMENT '操作系统',
  `status` char(1) CHARACTER SET utf8 COLLATE utf8_general_ci NULL DEFAULT '0' COMMENT '登录状态（0成功 1失败）',
  `msg` varchar(255) CHARACTER SET utf8 COLLATE utf8_general_ci NULL DEFAULT '' COMMENT '提示消息',
  `login_time` datetime(0) NULL DEFAULT NULL COMMENT '访问时间',
  PRIMARY KEY (`info_id`) USING BTREE
) ENGINE = InnoDB AUTO_INCREMENT = 352 CHARACTER SET = utf8 COLLATE = utf8_general_ci COMMENT = '系统访问记录' ROW_FORMAT = Dynamic;

-- ----------------------------
-- Records of sys_logininfor
-- ----------------------------
INSERT INTO `sys_logininfor` VALUES (262, 'admin', '127.0.0.1', '内网IP', 'Chrome 9', 'Windows 10', '0', '登录成功', '2021-08-24 17:40:15');
INSERT INTO `sys_logininfor` VALUES (263, 'admin', '127.0.0.1', '内网IP', 'Chrome 9', 'Windows 10', '0', '登录成功', '2021-08-24 17:57:03');
INSERT INTO `sys_logininfor` VALUES (264, 'admin', '127.0.0.1', '内网IP', 'Chrome 9', 'Windows 10', '0', '退出成功', '2021-08-24 18:04:12');
INSERT INTO `sys_logininfor` VALUES (265, 'admin', '127.0.0.1', '内网IP', 'Chrome 9', 'Windows 10', '0', '登录成功', '2021-08-24 18:04:19');
INSERT INTO `sys_logininfor` VALUES (266, 'wbl', '127.0.0.1', '内网IP', 'Chrome 8', 'Windows 10', '1', '验证码错误', '2021-08-24 18:17:04');
INSERT INTO `sys_logininfor` VALUES (267, 'wbl', '127.0.0.1', '内网IP', 'Chrome 8', 'Windows 10', '1', '验证码错误', '2021-08-24 18:17:11');
INSERT INTO `sys_logininfor` VALUES (268, 'wbl', '127.0.0.1', '内网IP', 'Chrome 8', 'Windows 10', '0', '登录成功', '2021-08-24 18:17:19');
INSERT INTO `sys_logininfor` VALUES (269, 'wbl', '127.0.0.1', '内网IP', 'Chrome 8', 'Windows 10', '0', '登录成功', '2021-08-24 18:19:03');
INSERT INTO `sys_logininfor` VALUES (270, 'admin', '127.0.0.1', '内网IP', 'Chrome 9', 'Windows 10', '0', '登录成功', '2021-08-25 08:34:20');
INSERT INTO `sys_logininfor` VALUES (271, 'admin', '127.0.0.1', '内网IP', 'Chrome 9', 'Windows 10', '0', '登录成功', '2021-08-25 08:53:21');
INSERT INTO `sys_logininfor` VALUES (272, 'admin', '127.0.0.1', '内网IP', 'Chrome 9', 'Windows 10', '0', '登录成功', '2021-08-25 09:07:28');
INSERT INTO `sys_logininfor` VALUES (273, 'admin', '127.0.0.1', '内网IP', 'Chrome 9', 'Windows 10', '0', '登录成功', '2021-08-25 09:14:08');
INSERT INTO `sys_logininfor` VALUES (274, 'admin', '127.0.0.1', '内网IP', 'Chrome 9', 'Windows 10', '0', '登录成功', '2021-08-25 09:27:20');
INSERT INTO `sys_logininfor` VALUES (275, 'admin', '127.0.0.1', '内网IP', 'Chrome 9', 'Windows 10', '0', '登录成功', '2021-08-25 09:29:00');
INSERT INTO `sys_logininfor` VALUES (276, 'admin', '127.0.0.1', '内网IP', 'Chrome 9', 'Windows 10', '0', '登录成功', '2021-08-25 09:33:46');
INSERT INTO `sys_logininfor` VALUES (277, 'admin', '127.0.0.1', '内网IP', 'Chrome 9', 'Windows 10', '0', '登录成功', '2021-08-25 15:20:22');
INSERT INTO `sys_logininfor` VALUES (278, 'admin', '127.0.0.1', '内网IP', 'Chrome 9', 'Windows 10', '0', '登录成功', '2021-08-25 15:39:53');
INSERT INTO `sys_logininfor` VALUES (279, 'admin', '127.0.0.1', '内网IP', 'Chrome 9', 'Windows 10', '0', '登录成功', '2021-08-25 16:27:19');
INSERT INTO `sys_logininfor` VALUES (280, 'admin', '127.0.0.1', '内网IP', 'Chrome 9', 'Windows 10', '0', '登录成功', '2021-08-26 15:05:10');
INSERT INTO `sys_logininfor` VALUES (281, 'admin', '127.0.0.1', '内网IP', 'Chrome 9', 'Windows 10', '0', '登录成功', '2021-08-30 10:31:41');
INSERT INTO `sys_logininfor` VALUES (282, 'admin', '127.0.0.1', '内网IP', 'Chrome 9', 'Windows 10', '0', '登录成功', '2021-08-30 17:56:36');
INSERT INTO `sys_logininfor` VALUES (283, 'admin', '127.0.0.1', '内网IP', 'Chrome 9', 'Windows 10', '0', '登录成功', '2021-08-30 18:02:50');
INSERT INTO `sys_logininfor` VALUES (284, 'admin', '127.0.0.1', '内网IP', 'Chrome 9', 'Windows 10', '0', '登录成功', '2021-08-31 15:32:58');
INSERT INTO `sys_logininfor` VALUES (285, 'admin', '127.0.0.1', '内网IP', 'Chrome 9', 'Windows 10', '0', '登录成功', '2021-08-31 16:07:09');
INSERT INTO `sys_logininfor` VALUES (286, 'admin', '127.0.0.1', '内网IP', 'Chrome 9', 'Windows 10', '0', '退出成功', '2021-08-31 16:15:49');
INSERT INTO `sys_logininfor` VALUES (287, 'admin', '127.0.0.1', '内网IP', 'Chrome 9', 'Windows 10', '0', '登录成功', '2021-09-02 08:54:58');
INSERT INTO `sys_logininfor` VALUES (288, 'admin', '127.0.0.1', '内网IP', 'Chrome 9', 'Windows 10', '0', '登录成功', '2021-09-02 17:55:31');
INSERT INTO `sys_logininfor` VALUES (289, 'admin', '127.0.0.1', '内网IP', 'Chrome 9', 'Windows 10', '0', '登录成功', '2021-09-03 08:34:10');
INSERT INTO `sys_logininfor` VALUES (290, 'admin', '127.0.0.1', '内网IP', 'Chrome 9', 'Windows 10', '0', '登录成功', '2021-09-03 10:27:55');
INSERT INTO `sys_logininfor` VALUES (291, 'admin', '127.0.0.1', '内网IP', 'Chrome 9', 'Windows 10', '0', '登录成功', '2021-09-03 11:09:55');
INSERT INTO `sys_logininfor` VALUES (292, 'admin', '127.0.0.1', '内网IP', 'Chrome 9', 'Windows 10', '0', '登录成功', '2021-09-03 11:22:18');
INSERT INTO `sys_logininfor` VALUES (293, 'admin', '127.0.0.1', '内网IP', 'Chrome 9', 'Windows 10', '1', '验证码错误', '2021-09-03 13:00:31');
INSERT INTO `sys_logininfor` VALUES (294, 'admin', '127.0.0.1', '内网IP', 'Chrome 9', 'Windows 10', '0', '登录成功', '2021-09-03 13:00:38');
INSERT INTO `sys_logininfor` VALUES (295, 'admin', '127.0.0.1', '内网IP', 'Chrome 9', 'Windows 10', '0', '登录成功', '2021-09-03 14:29:43');
INSERT INTO `sys_logininfor` VALUES (296, 'admin', '127.0.0.1', '内网IP', 'Chrome 9', 'Windows 10', '0', '登录成功', '2021-09-03 14:53:59');
INSERT INTO `sys_logininfor` VALUES (297, 'admin', '127.0.0.1', '内网IP', 'Chrome 9', 'Windows 10', '0', '退出成功', '2021-09-03 15:21:28');
INSERT INTO `sys_logininfor` VALUES (298, 'admin', '127.0.0.1', '内网IP', 'Chrome 9', 'Windows 10', '0', '登录成功', '2021-09-03 15:21:50');
INSERT INTO `sys_logininfor` VALUES (299, 'admin', '127.0.0.1', '内网IP', 'Chrome 9', 'Windows 10', '0', '登录成功', '2021-09-03 15:22:39');
INSERT INTO `sys_logininfor` VALUES (300, 'admin', '127.0.0.1', '内网IP', 'Chrome 9', 'Windows 10', '0', '登录成功', '2021-09-03 16:59:52');
INSERT INTO `sys_logininfor` VALUES (301, 'admin', '127.0.0.1', '内网IP', 'Chrome 9', 'Windows 10', '0', '登录成功', '2021-09-03 18:03:36');
INSERT INTO `sys_logininfor` VALUES (302, 'admin', '127.0.0.1', '内网IP', 'Chrome 9', 'Windows 10', '0', '退出成功', '2021-09-03 18:24:21');
INSERT INTO `sys_logininfor` VALUES (303, 'sczx', '127.0.0.1', '内网IP', 'Chrome 9', 'Windows 10', '1', '用户不存在/密码错误', '2021-09-03 18:24:35');
INSERT INTO `sys_logininfor` VALUES (304, 'admin', '127.0.0.1', '内网IP', 'Chrome 9', 'Windows 10', '0', '登录成功', '2021-09-03 18:24:46');
INSERT INTO `sys_logininfor` VALUES (305, 'admin', '127.0.0.1', '内网IP', 'Chrome 9', 'Windows 10', '0', '退出成功', '2021-09-03 18:25:17');
INSERT INTO `sys_logininfor` VALUES (306, 'sczx', '127.0.0.1', '内网IP', 'Chrome 9', 'Windows 10', '0', '登录成功', '2021-09-03 18:25:23');
INSERT INTO `sys_logininfor` VALUES (307, 'sczx', '127.0.0.1', '内网IP', 'Chrome 9', 'Windows 10', '0', '退出成功', '2021-09-03 18:25:33');
INSERT INTO `sys_logininfor` VALUES (308, 'admin', '127.0.0.1', '内网IP', 'Chrome 9', 'Windows 10', '0', '登录成功', '2021-09-03 18:25:43');
INSERT INTO `sys_logininfor` VALUES (309, 'sczx', '127.0.0.1', '内网IP', 'Chrome 8', 'Windows 10', '0', '登录成功', '2021-09-03 18:27:18');
INSERT INTO `sys_logininfor` VALUES (310, 'sczx', '127.0.0.1', '内网IP', 'Chrome 8', 'Windows 10', '0', '退出成功', '2021-09-03 18:35:10');
INSERT INTO `sys_logininfor` VALUES (311, 'scyz', '127.0.0.1', '内网IP', 'Chrome 8', 'Windows 10', '0', '登录成功', '2021-09-03 18:35:21');
INSERT INTO `sys_logininfor` VALUES (312, 'sczx', '127.0.0.1', '内网IP', 'Chrome 9', 'Windows 10', '0', '登录成功', '2021-09-05 14:19:17');
INSERT INTO `sys_logininfor` VALUES (313, 'sczx', '127.0.0.1', '内网IP', 'Chrome 9', 'Windows 10', '0', '退出成功', '2021-09-05 14:19:42');
INSERT INTO `sys_logininfor` VALUES (314, 'admin', '127.0.0.1', '内网IP', 'Chrome 9', 'Windows 10', '0', '登录成功', '2021-09-05 14:19:52');
INSERT INTO `sys_logininfor` VALUES (315, 'admin', '127.0.0.1', '内网IP', 'Chrome 9', 'Windows 10', '0', '登录成功', '2021-09-05 16:06:11');
INSERT INTO `sys_logininfor` VALUES (316, 'admin', '127.0.0.1', '内网IP', 'Chrome 9', 'Windows 10', '0', '登录成功', '2021-09-06 16:26:28');
INSERT INTO `sys_logininfor` VALUES (317, 'admin', '127.0.0.1', '内网IP', 'Chrome 9', 'Windows 10', '0', '登录成功', '2021-09-08 10:41:44');
INSERT INTO `sys_logininfor` VALUES (318, 'admin', '127.0.0.1', '内网IP', 'Chrome 9', 'Windows 10', '0', '登录成功', '2021-09-10 10:48:38');
INSERT INTO `sys_logininfor` VALUES (319, 'admin', '127.0.0.1', '内网IP', 'Chrome 9', 'Windows 10', '0', '登录成功', '2021-09-10 10:57:09');
INSERT INTO `sys_logininfor` VALUES (320, 'admin', '127.0.0.1', '内网IP', 'Chrome 9', 'Windows 10', '1', '验证码错误', '2021-09-10 15:16:54');
INSERT INTO `sys_logininfor` VALUES (321, 'admin', '127.0.0.1', '内网IP', 'Chrome 9', 'Windows 10', '0', '登录成功', '2021-09-10 15:17:01');
INSERT INTO `sys_logininfor` VALUES (322, 'admin', '221.13.205.234', 'XX XX', 'Chrome 9', 'Windows 10', '0', '登录成功', '2021-09-13 14:03:05');
INSERT INTO `sys_logininfor` VALUES (323, 'admin', '221.13.205.234', 'XX XX', 'Apple WebKit', 'Mac OS X (iPhone)', '0', '登录成功', '2021-09-13 14:30:56');
INSERT INTO `sys_logininfor` VALUES (324, 'admin', '171.8.69.62', 'XX XX', 'Chrome 9', 'Windows 10', '0', '登录成功', '2021-09-13 14:36:39');
INSERT INTO `sys_logininfor` VALUES (325, 'admin', '171.8.69.62', 'XX XX', 'Chrome 9', 'Windows 10', '0', '登录成功', '2021-09-13 14:45:19');
INSERT INTO `sys_logininfor` VALUES (326, 'admin', '221.13.205.234', 'XX XX', 'Chrome 9', 'Windows 10', '0', '登录成功', '2021-09-13 14:53:40');
INSERT INTO `sys_logininfor` VALUES (327, 'admin', '221.13.205.234', 'XX XX', 'Chrome 9', 'Windows 10', '0', '登录成功', '2021-09-13 15:32:29');
INSERT INTO `sys_logininfor` VALUES (328, 'admin', '221.13.205.234', 'XX XX', 'Chrome 9', 'Windows 10', '0', '登录成功', '2021-09-13 17:16:38');
INSERT INTO `sys_logininfor` VALUES (329, 'admin', '221.13.205.234', 'XX XX', 'Chrome 9', 'Windows 10', '0', '登录成功', '2021-09-13 17:36:12');
INSERT INTO `sys_logininfor` VALUES (330, 'admin', '221.13.205.234', 'XX XX', 'Chrome 9', 'Windows 10', '0', '登录成功', '2021-09-14 08:32:08');
INSERT INTO `sys_logininfor` VALUES (331, 'admin', '221.13.205.234', 'XX XX', 'Chrome 9', 'Windows 10', '0', '登录成功', '2021-09-14 15:07:11');
INSERT INTO `sys_logininfor` VALUES (332, 'admin', '221.13.205.234', 'XX XX', 'Chrome 9', 'Windows 10', '0', '登录成功', '2021-09-15 10:28:03');
INSERT INTO `sys_logininfor` VALUES (333, 'admin', '221.13.205.234', 'XX XX', 'Chrome 9', 'Windows 10', '0', '登录成功', '2021-09-15 10:59:38');
INSERT INTO `sys_logininfor` VALUES (334, 'admin', '221.13.205.234', 'XX XX', 'Chrome 9', 'Windows 10', '0', '登录成功', '2021-09-15 11:10:41');
INSERT INTO `sys_logininfor` VALUES (335, 'admin', '117.136.107.59', 'XX XX', 'Apple WebKit', 'Mac OS X (iPhone)', '0', '登录成功', '2021-09-15 12:07:12');
INSERT INTO `sys_logininfor` VALUES (336, 'admin', '125.43.176.21', 'XX XX', 'Chrome 9', 'Windows 10', '0', '登录成功', '2021-09-15 21:26:41');
INSERT INTO `sys_logininfor` VALUES (337, 'admin', '221.13.205.234', 'XX XX', 'Chrome 9', 'Windows 10', '1', '验证码已失效', '2021-09-18 11:23:57');
INSERT INTO `sys_logininfor` VALUES (338, 'admin', '221.13.205.234', 'XX XX', 'Chrome 9', 'Windows 10', '0', '登录成功', '2021-09-18 11:24:02');
INSERT INTO `sys_logininfor` VALUES (339, 'admin', '221.13.205.234', 'XX XX', 'Chrome 9', 'Windows 10', '0', '登录成功', '2021-09-18 15:25:48');
INSERT INTO `sys_logininfor` VALUES (340, 'admin', '221.13.205.234', 'XX XX', 'Chrome 9', 'Windows 10', '0', '登录成功', '2021-09-18 15:39:15');
INSERT INTO `sys_logininfor` VALUES (341, 'admin', '221.13.205.234', 'XX XX', 'Chrome 9', 'Windows 10', '0', '登录成功', '2021-09-18 16:26:02');
INSERT INTO `sys_logininfor` VALUES (342, 'admin', '221.13.205.234', 'XX XX', 'Chrome 9', 'Windows 10', '0', '登录成功', '2021-09-18 16:36:18');
INSERT INTO `sys_logininfor` VALUES (343, 'admin', '127.0.0.1', '内网IP', 'Chrome 9', 'Windows 10', '0', '登录成功', '2021-09-18 17:25:55');
INSERT INTO `sys_logininfor` VALUES (344, 'admin', '127.0.0.1', '内网IP', 'Chrome 9', 'Windows 10', '0', '登录成功', '2021-09-18 17:42:28');
INSERT INTO `sys_logininfor` VALUES (345, 'admin', '127.0.0.1', '内网IP', 'Chrome 9', 'Windows 10', '0', '登录成功', '2021-09-18 17:48:11');
INSERT INTO `sys_logininfor` VALUES (346, 'admin', '221.13.205.234', 'XX XX', 'Chrome 9', 'Windows 10', '0', '登录成功', '2021-09-18 17:49:43');
INSERT INTO `sys_logininfor` VALUES (347, 'admin', '221.13.205.234', 'XX XX', 'Chrome 9', 'Windows 10', '0', '登录成功', '2021-09-18 17:53:47');
INSERT INTO `sys_logininfor` VALUES (348, 'admin', '127.0.0.1', '内网IP', 'Chrome 9', 'Windows 10', '0', '登录成功', '2021-09-18 18:06:42');
INSERT INTO `sys_logininfor` VALUES (349, 'admin', '171.8.69.62', 'XX XX', 'Apple WebKit', 'Mac OS X (iPhone)', '0', '登录成功', '2021-09-23 10:43:15');
INSERT INTO `sys_logininfor` VALUES (350, 'admin', '127.0.0.1', '内网IP', 'Chrome 9', 'Windows 10', '0', '登录成功', '2021-09-24 17:49:53');
INSERT INTO `sys_logininfor` VALUES (351, 'admin', '221.13.205.234', 'XX XX', 'Chrome 9', 'Windows 10', '0', '登录成功', '2021-09-24 18:11:27');

-- ----------------------------
-- Table structure for sys_menu
-- ----------------------------
DROP TABLE IF EXISTS `sys_menu`;
CREATE TABLE `sys_menu`  (
  `menu_id` bigint(20) NOT NULL AUTO_INCREMENT COMMENT '菜单ID',
  `menu_name` varchar(50) CHARACTER SET utf8 COLLATE utf8_general_ci NOT NULL COMMENT '菜单名称',
  `parent_id` bigint(20) NULL DEFAULT 0 COMMENT '父菜单ID',
  `order_num` int(4) NULL DEFAULT 0 COMMENT '显示顺序',
  `path` varchar(200) CHARACTER SET utf8 COLLATE utf8_general_ci NULL DEFAULT '' COMMENT '路由地址',
  `component` varchar(255) CHARACTER SET utf8 COLLATE utf8_general_ci NULL DEFAULT NULL COMMENT '组件路径',
  `is_frame` int(1) NULL DEFAULT 1 COMMENT '是否为外链（0是 1否）',
  `is_cache` int(1) NULL DEFAULT 0 COMMENT '是否缓存（0缓存 1不缓存）',
  `menu_type` char(1) CHARACTER SET utf8 COLLATE utf8_general_ci NULL DEFAULT '' COMMENT '菜单类型（M目录 C菜单 F按钮）',
  `visible` char(1) CHARACTER SET utf8 COLLATE utf8_general_ci NULL DEFAULT '0' COMMENT '菜单状态（0显示 1隐藏）',
  `status` char(1) CHARACTER SET utf8 COLLATE utf8_general_ci NULL DEFAULT '0' COMMENT '菜单状态（0正常 1停用）',
  `perms` varchar(100) CHARACTER SET utf8 COLLATE utf8_general_ci NULL DEFAULT NULL COMMENT '权限标识',
  `icon` varchar(100) CHARACTER SET utf8 COLLATE utf8_general_ci NULL DEFAULT '#' COMMENT '菜单图标',
  `create_by` varchar(64) CHARACTER SET utf8 COLLATE utf8_general_ci NULL DEFAULT '' COMMENT '创建者',
  `create_time` datetime(0) NULL DEFAULT NULL COMMENT '创建时间',
  `update_by` varchar(64) CHARACTER SET utf8 COLLATE utf8_general_ci NULL DEFAULT '' COMMENT '更新者',
  `update_time` datetime(0) NULL DEFAULT NULL COMMENT '更新时间',
  `remark` varchar(500) CHARACTER SET utf8 COLLATE utf8_general_ci NULL DEFAULT '' COMMENT '备注',
  PRIMARY KEY (`menu_id`) USING BTREE
) ENGINE = InnoDB AUTO_INCREMENT = 2038 CHARACTER SET = utf8 COLLATE = utf8_general_ci COMMENT = '菜单权限表' ROW_FORMAT = Dynamic;

-- ----------------------------
-- Records of sys_menu
-- ----------------------------
INSERT INTO `sys_menu` VALUES (1, '系统管理', 0, 1, 'system', NULL, 1, 0, 'M', '0', '0', '', 'system', 'admin', '2020-10-22 14:27:04', '', NULL, '系统管理目录');
INSERT INTO `sys_menu` VALUES (2, '系统监控', 0, 2, 'monitor', NULL, 1, 0, 'M', '0', '0', '', 'monitor', 'admin', '2020-10-22 14:27:04', '', NULL, '系统监控目录');
INSERT INTO `sys_menu` VALUES (3, '系统工具', 0, 3, 'tool', NULL, 1, 0, 'M', '0', '0', '', 'tool', 'admin', '2020-10-22 14:27:04', '', NULL, '系统工具目录');
INSERT INTO `sys_menu` VALUES (4, '门户网站', 0, 4, 'http://zrzyj.jiaozuo.gov.cn/', NULL, 0, 0, 'M', '0', '0', '', 'guide', 'admin', '2020-10-22 14:27:04', 'admin', '2021-09-02 17:56:54', '若依官网地址');
INSERT INTO `sys_menu` VALUES (5, '流程菜单', 0, 4, 'activiti', NULL, 1, 0, 'M', '0', '0', 'activiti:modeler:list', 'cascader', 'admin', '2020-09-13 21:58:54', '', NULL, '');
INSERT INTO `sys_menu` VALUES (100, '用户管理', 1, 1, 'user', 'system/user/index', 1, 0, 'C', '0', '0', 'system:user:list', 'user', 'admin', '2020-10-22 14:27:04', '', NULL, '用户管理菜单');
INSERT INTO `sys_menu` VALUES (101, '角色管理', 1, 2, 'role', 'system/role/index', 1, 0, 'C', '0', '0', 'system:role:list', 'peoples', 'admin', '2020-10-22 14:27:04', '', NULL, '角色管理菜单');
INSERT INTO `sys_menu` VALUES (102, '菜单管理', 1, 3, 'menu', 'system/menu/index', 1, 0, 'C', '0', '0', 'system:menu:list', 'tree-table', 'admin', '2020-10-22 14:27:04', '', NULL, '菜单管理菜单');
INSERT INTO `sys_menu` VALUES (103, '部门管理', 1, 4, 'dept', 'system/dept/index', 1, 0, 'C', '0', '0', 'system:dept:list', 'tree', 'admin', '2020-10-22 14:27:04', '', NULL, '部门管理菜单');
INSERT INTO `sys_menu` VALUES (104, '岗位管理', 1, 5, 'post', 'system/post/index', 1, 0, 'C', '0', '0', 'system:post:list', 'post', 'admin', '2020-10-22 14:27:04', '', NULL, '岗位管理菜单');
INSERT INTO `sys_menu` VALUES (105, '字典管理', 1, 6, 'dict', 'system/dict/index', 1, 0, 'C', '0', '0', 'system:dict:list', 'dict', 'admin', '2020-10-22 14:27:04', '', NULL, '字典管理菜单');
INSERT INTO `sys_menu` VALUES (106, '参数设置', 1, 8, 'config', 'system/config/index', 1, 0, 'C', '0', '0', 'system:config:list', 'edit', 'admin', '2020-10-22 14:27:04', 'admin', '2021-09-18 16:31:57', '参数设置菜单');
INSERT INTO `sys_menu` VALUES (107, '通知公告', 1, 9, 'notice', 'system/notice/index', 1, 0, 'C', '0', '0', 'system:notice:list', 'message', 'admin', '2020-10-22 14:27:04', 'admin', '2021-09-18 16:31:50', '通知公告菜单');
INSERT INTO `sys_menu` VALUES (108, '日志管理', 1, 10, 'log', 'system/log/index', 1, 0, 'M', '0', '0', '', 'log', 'admin', '2020-10-22 14:27:04', 'admin', '2021-09-18 16:31:44', '日志管理菜单');
INSERT INTO `sys_menu` VALUES (109, '在线用户', 2, 1, 'online', 'monitor/online/index', 1, 0, 'C', '0', '0', 'monitor:online:list', 'online', 'admin', '2020-10-22 14:27:04', '', NULL, '在线用户菜单');
INSERT INTO `sys_menu` VALUES (110, '定时任务', 2, 2, 'job', 'monitor/job/index', 1, 0, 'C', '0', '0', 'monitor:job:list', 'job', 'admin', '2020-10-22 14:27:04', '', NULL, '定时任务菜单');
INSERT INTO `sys_menu` VALUES (111, '数据监控', 2, 3, 'druid', 'monitor/druid/index', 1, 0, 'C', '0', '0', 'monitor:druid:list', 'druid', 'admin', '2020-10-22 14:27:04', '', NULL, '数据监控菜单');
INSERT INTO `sys_menu` VALUES (112, '服务监控', 2, 4, 'server', 'monitor/server/index', 1, 0, 'C', '0', '0', 'monitor:server:list', 'server', 'admin', '2020-10-22 14:27:04', '', NULL, '服务监控菜单');
INSERT INTO `sys_menu` VALUES (113, '表单构建', 3, 1, 'build', 'tool/build/index', 1, 0, 'C', '0', '0', 'tool:build:list', 'build', 'admin', '2020-10-22 14:27:04', '', NULL, '表单构建菜单');
INSERT INTO `sys_menu` VALUES (114, '代码生成', 3, 2, 'gen', 'tool/gen/index', 1, 0, 'C', '0', '0', 'tool:gen:list', 'code', 'admin', '2020-10-22 14:27:04', '', NULL, '代码生成菜单');
INSERT INTO `sys_menu` VALUES (115, '系统接口', 3, 3, 'swagger', 'tool/swagger/index', 1, 0, 'C', '0', '0', 'tool:swagger:list', 'swagger', 'admin', '2020-10-22 14:27:04', '', NULL, '系统接口菜单');
INSERT INTO `sys_menu` VALUES (500, '操作日志', 108, 1, 'operlog', 'monitor/operlog/index', 1, 0, 'C', '0', '0', 'monitor:operlog:list', 'form', 'admin', '2020-10-22 14:27:04', '', NULL, '操作日志菜单');
INSERT INTO `sys_menu` VALUES (501, '登录日志', 108, 2, 'logininfor', 'monitor/logininfor/index', 1, 0, 'C', '0', '0', 'monitor:logininfor:list', 'logininfor', 'admin', '2020-10-22 14:27:04', '', NULL, '登录日志菜单');
INSERT INTO `sys_menu` VALUES (1001, '用户查询', 100, 1, '', '', 1, 0, 'F', '0', '0', 'system:user:query', '#', 'admin', '2020-10-22 14:27:04', '', NULL, '');
INSERT INTO `sys_menu` VALUES (1002, '用户新增', 100, 2, '', '', 1, 0, 'F', '0', '0', 'system:user:add', '#', 'admin', '2020-10-22 14:27:04', '', NULL, '');
INSERT INTO `sys_menu` VALUES (1003, '用户修改', 100, 3, '', '', 1, 0, 'F', '0', '0', 'system:user:edit', '#', 'admin', '2020-10-22 14:27:04', '', NULL, '');
INSERT INTO `sys_menu` VALUES (1004, '用户删除', 100, 4, '', '', 1, 0, 'F', '0', '0', 'system:user:remove', '#', 'admin', '2020-10-22 14:27:04', '', NULL, '');
INSERT INTO `sys_menu` VALUES (1005, '用户导出', 100, 5, '', '', 1, 0, 'F', '0', '0', 'system:user:export', '#', 'admin', '2020-10-22 14:27:04', '', NULL, '');
INSERT INTO `sys_menu` VALUES (1006, '用户导入', 100, 6, '', '', 1, 0, 'F', '0', '0', 'system:user:import', '#', 'admin', '2020-10-22 14:27:04', '', NULL, '');
INSERT INTO `sys_menu` VALUES (1007, '重置密码', 100, 7, '', '', 1, 0, 'F', '0', '0', 'system:user:resetPwd', '#', 'admin', '2020-10-22 14:27:04', '', NULL, '');
INSERT INTO `sys_menu` VALUES (1008, '角色查询', 101, 1, '', '', 1, 0, 'F', '0', '0', 'system:role:query', '#', 'admin', '2020-10-22 14:27:04', '', NULL, '');
INSERT INTO `sys_menu` VALUES (1009, '角色新增', 101, 2, '', '', 1, 0, 'F', '0', '0', 'system:role:add', '#', 'admin', '2020-10-22 14:27:04', '', NULL, '');
INSERT INTO `sys_menu` VALUES (1010, '角色修改', 101, 3, '', '', 1, 0, 'F', '0', '0', 'system:role:edit', '#', 'admin', '2020-10-22 14:27:04', '', NULL, '');
INSERT INTO `sys_menu` VALUES (1011, '角色删除', 101, 4, '', '', 1, 0, 'F', '0', '0', 'system:role:remove', '#', 'admin', '2020-10-22 14:27:04', '', NULL, '');
INSERT INTO `sys_menu` VALUES (1012, '角色导出', 101, 5, '', '', 1, 0, 'F', '0', '0', 'system:role:export', '#', 'admin', '2020-10-22 14:27:04', '', NULL, '');
INSERT INTO `sys_menu` VALUES (1013, '菜单查询', 102, 1, '', '', 1, 0, 'F', '0', '0', 'system:menu:query', '#', 'admin', '2020-10-22 14:27:04', '', NULL, '');
INSERT INTO `sys_menu` VALUES (1014, '菜单新增', 102, 2, '', '', 1, 0, 'F', '0', '0', 'system:menu:add', '#', 'admin', '2020-10-22 14:27:04', '', NULL, '');
INSERT INTO `sys_menu` VALUES (1015, '菜单修改', 102, 3, '', '', 1, 0, 'F', '0', '0', 'system:menu:edit', '#', 'admin', '2020-10-22 14:27:04', '', NULL, '');
INSERT INTO `sys_menu` VALUES (1016, '菜单删除', 102, 4, '', '', 1, 0, 'F', '0', '0', 'system:menu:remove', '#', 'admin', '2020-10-22 14:27:04', '', NULL, '');
INSERT INTO `sys_menu` VALUES (1017, '部门查询', 103, 1, '', '', 1, 0, 'F', '0', '0', 'system:dept:query', '#', 'admin', '2020-10-22 14:27:04', '', NULL, '');
INSERT INTO `sys_menu` VALUES (1018, '部门新增', 103, 2, '', '', 1, 0, 'F', '0', '0', 'system:dept:add', '#', 'admin', '2020-10-22 14:27:04', '', NULL, '');
INSERT INTO `sys_menu` VALUES (1019, '部门修改', 103, 3, '', '', 1, 0, 'F', '0', '0', 'system:dept:edit', '#', 'admin', '2020-10-22 14:27:04', '', NULL, '');
INSERT INTO `sys_menu` VALUES (1020, '部门删除', 103, 4, '', '', 1, 0, 'F', '0', '0', 'system:dept:remove', '#', 'admin', '2020-10-22 14:27:04', '', NULL, '');
INSERT INTO `sys_menu` VALUES (1021, '岗位查询', 104, 1, '', '', 1, 0, 'F', '0', '0', 'system:post:query', '#', 'admin', '2020-10-22 14:27:04', '', NULL, '');
INSERT INTO `sys_menu` VALUES (1022, '岗位新增', 104, 2, '', '', 1, 0, 'F', '0', '0', 'system:post:add', '#', 'admin', '2020-10-22 14:27:04', '', NULL, '');
INSERT INTO `sys_menu` VALUES (1023, '岗位修改', 104, 3, '', '', 1, 0, 'F', '0', '0', 'system:post:edit', '#', 'admin', '2020-10-22 14:27:04', '', NULL, '');
INSERT INTO `sys_menu` VALUES (1024, '岗位删除', 104, 4, '', '', 1, 0, 'F', '0', '0', 'system:post:remove', '#', 'admin', '2020-10-22 14:27:04', '', NULL, '');
INSERT INTO `sys_menu` VALUES (1025, '岗位导出', 104, 5, '', '', 1, 0, 'F', '0', '0', 'system:post:export', '#', 'admin', '2020-10-22 14:27:04', '', NULL, '');
INSERT INTO `sys_menu` VALUES (1026, '字典查询', 105, 1, '#', '', 1, 0, 'F', '0', '0', 'system:dict:query', '#', 'admin', '2020-10-22 14:27:04', '', NULL, '');
INSERT INTO `sys_menu` VALUES (1027, '字典新增', 105, 2, '#', '', 1, 0, 'F', '0', '0', 'system:dict:add', '#', 'admin', '2020-10-22 14:27:04', '', NULL, '');
INSERT INTO `sys_menu` VALUES (1028, '字典修改', 105, 3, '#', '', 1, 0, 'F', '0', '0', 'system:dict:edit', '#', 'admin', '2020-10-22 14:27:04', '', NULL, '');
INSERT INTO `sys_menu` VALUES (1029, '字典删除', 105, 4, '#', '', 1, 0, 'F', '0', '0', 'system:dict:remove', '#', 'admin', '2020-10-22 14:27:04', '', NULL, '');
INSERT INTO `sys_menu` VALUES (1030, '字典导出', 105, 5, '#', '', 1, 0, 'F', '0', '0', 'system:dict:export', '#', 'admin', '2020-10-22 14:27:04', '', NULL, '');
INSERT INTO `sys_menu` VALUES (1031, '参数查询', 106, 1, '#', '', 1, 0, 'F', '0', '0', 'system:config:query', '#', 'admin', '2020-10-22 14:27:04', '', NULL, '');
INSERT INTO `sys_menu` VALUES (1032, '参数新增', 106, 2, '#', '', 1, 0, 'F', '0', '0', 'system:config:add', '#', 'admin', '2020-10-22 14:27:04', '', NULL, '');
INSERT INTO `sys_menu` VALUES (1033, '参数修改', 106, 3, '#', '', 1, 0, 'F', '0', '0', 'system:config:edit', '#', 'admin', '2020-10-22 14:27:04', '', NULL, '');
INSERT INTO `sys_menu` VALUES (1034, '参数删除', 106, 4, '#', '', 1, 0, 'F', '0', '0', 'system:config:remove', '#', 'admin', '2020-10-22 14:27:04', '', NULL, '');
INSERT INTO `sys_menu` VALUES (1035, '参数导出', 106, 5, '#', '', 1, 0, 'F', '0', '0', 'system:config:export', '#', 'admin', '2020-10-22 14:27:04', '', NULL, '');
INSERT INTO `sys_menu` VALUES (1036, '公告查询', 107, 1, '#', '', 1, 0, 'F', '0', '0', 'system:notice:query', '#', 'admin', '2020-10-22 14:27:04', '', NULL, '');
INSERT INTO `sys_menu` VALUES (1037, '公告新增', 107, 2, '#', '', 1, 0, 'F', '0', '0', 'system:notice:add', '#', 'admin', '2020-10-22 14:27:04', '', NULL, '');
INSERT INTO `sys_menu` VALUES (1038, '公告修改', 107, 3, '#', '', 1, 0, 'F', '0', '0', 'system:notice:edit', '#', 'admin', '2020-10-22 14:27:04', '', NULL, '');
INSERT INTO `sys_menu` VALUES (1039, '公告删除', 107, 4, '#', '', 1, 0, 'F', '0', '0', 'system:notice:remove', '#', 'admin', '2020-10-22 14:27:04', '', NULL, '');
INSERT INTO `sys_menu` VALUES (1040, '操作查询', 500, 1, '#', '', 1, 0, 'F', '0', '0', 'monitor:operlog:query', '#', 'admin', '2020-10-22 14:27:04', '', NULL, '');
INSERT INTO `sys_menu` VALUES (1041, '操作删除', 500, 2, '#', '', 1, 0, 'F', '0', '0', 'monitor:operlog:remove', '#', 'admin', '2020-10-22 14:27:04', '', NULL, '');
INSERT INTO `sys_menu` VALUES (1042, '日志导出', 500, 4, '#', '', 1, 0, 'F', '0', '0', 'monitor:operlog:export', '#', 'admin', '2020-10-22 14:27:04', '', NULL, '');
INSERT INTO `sys_menu` VALUES (1043, '登录查询', 501, 1, '#', '', 1, 0, 'F', '0', '0', 'monitor:logininfor:query', '#', 'admin', '2020-10-22 14:27:04', '', NULL, '');
INSERT INTO `sys_menu` VALUES (1044, '登录删除', 501, 2, '#', '', 1, 0, 'F', '0', '0', 'monitor:logininfor:remove', '#', 'admin', '2020-10-22 14:27:04', '', NULL, '');
INSERT INTO `sys_menu` VALUES (1045, '日志导出', 501, 3, '#', '', 1, 0, 'F', '0', '0', 'monitor:logininfor:export', '#', 'admin', '2020-10-22 14:27:04', '', NULL, '');
INSERT INTO `sys_menu` VALUES (1046, '在线查询', 109, 1, '#', '', 1, 0, 'F', '0', '0', 'monitor:online:query', '#', 'admin', '2020-10-22 14:27:04', '', NULL, '');
INSERT INTO `sys_menu` VALUES (1047, '批量强退', 109, 2, '#', '', 1, 0, 'F', '0', '0', 'monitor:online:batchLogout', '#', 'admin', '2020-10-22 14:27:04', '', NULL, '');
INSERT INTO `sys_menu` VALUES (1048, '单条强退', 109, 3, '#', '', 1, 0, 'F', '0', '0', 'monitor:online:forceLogout', '#', 'admin', '2020-10-22 14:27:04', '', NULL, '');
INSERT INTO `sys_menu` VALUES (1049, '任务查询', 110, 1, '#', '', 1, 0, 'F', '0', '0', 'monitor:job:query', '#', 'admin', '2020-10-22 14:27:04', '', NULL, '');
INSERT INTO `sys_menu` VALUES (1050, '任务新增', 110, 2, '#', '', 1, 0, 'F', '0', '0', 'monitor:job:add', '#', 'admin', '2020-10-22 14:27:04', '', NULL, '');
INSERT INTO `sys_menu` VALUES (1051, '任务修改', 110, 3, '#', '', 1, 0, 'F', '0', '0', 'monitor:job:edit', '#', 'admin', '2020-10-22 14:27:04', '', NULL, '');
INSERT INTO `sys_menu` VALUES (1052, '任务删除', 110, 4, '#', '', 1, 0, 'F', '0', '0', 'monitor:job:remove', '#', 'admin', '2020-10-22 14:27:04', '', NULL, '');
INSERT INTO `sys_menu` VALUES (1053, '状态修改', 110, 5, '#', '', 1, 0, 'F', '0', '0', 'monitor:job:changeStatus', '#', 'admin', '2020-10-22 14:27:04', '', NULL, '');
INSERT INTO `sys_menu` VALUES (1054, '任务导出', 110, 7, '#', '', 1, 0, 'F', '0', '0', 'monitor:job:export', '#', 'admin', '2020-10-22 14:27:04', '', NULL, '');
INSERT INTO `sys_menu` VALUES (1055, '生成查询', 114, 1, '#', '', 1, 0, 'F', '0', '0', 'tool:gen:query', '#', 'admin', '2020-10-22 14:27:04', '', NULL, '');
INSERT INTO `sys_menu` VALUES (1056, '生成修改', 114, 2, '#', '', 1, 0, 'F', '0', '0', 'tool:gen:edit', '#', 'admin', '2020-10-22 14:27:04', '', NULL, '');
INSERT INTO `sys_menu` VALUES (1057, '生成删除', 114, 3, '#', '', 1, 0, 'F', '0', '0', 'tool:gen:remove', '#', 'admin', '2020-10-22 14:27:04', '', NULL, '');
INSERT INTO `sys_menu` VALUES (1058, '导入代码', 114, 2, '#', '', 1, 0, 'F', '0', '0', 'tool:gen:import', '#', 'admin', '2020-10-22 14:27:04', '', NULL, '');
INSERT INTO `sys_menu` VALUES (1059, '预览代码', 114, 4, '#', '', 1, 0, 'F', '0', '0', 'tool:gen:preview', '#', 'admin', '2020-10-22 14:27:04', '', NULL, '');
INSERT INTO `sys_menu` VALUES (1060, '生成代码', 114, 5, '#', '', 1, 0, 'F', '0', '0', 'tool:gen:code', '#', 'admin', '2020-10-22 14:27:04', '', NULL, '');
INSERT INTO `sys_menu` VALUES (1901, '流程定义', 5, 1, 'definition', 'activiti/definition/index', 1, 0, 'C', '0', '0', 'activiti:modeler', '#', 'admin', '2020-09-14 23:09:31', '', NULL, '');
INSERT INTO `sys_menu` VALUES (2000, '请假', 2008, 1, 'leave', 'workflow/leave/index', 1, 0, 'C', '0', '0', 'workflow:leave:list', '#', 'admin', '2020-10-28 22:30:57', 'admin', '2020-11-10 22:15:13', '请假菜单');
INSERT INTO `sys_menu` VALUES (2001, '请假查询', 2000, 1, '#', '', 1, 0, 'F', '0', '0', 'workflow:leave:query', '#', 'admin', '2020-10-28 22:30:57', '', NULL, '');
INSERT INTO `sys_menu` VALUES (2002, '请假新增', 2000, 2, '#', '', 1, 0, 'F', '0', '0', 'workflow:leave:add', '#', 'admin', '2020-10-28 22:30:57', '', NULL, '');
INSERT INTO `sys_menu` VALUES (2003, '请假修改', 2000, 3, '#', '', 1, 0, 'F', '0', '0', 'workflow:leave:edit', '#', 'admin', '2020-10-28 22:30:57', '', NULL, '');
INSERT INTO `sys_menu` VALUES (2004, '请假删除', 2000, 4, '#', '', 1, 0, 'F', '0', '0', 'workflow:leave:remove', '#', 'admin', '2020-10-28 22:30:57', '', NULL, '');
INSERT INTO `sys_menu` VALUES (2005, '请假导出', 2000, 5, '#', '', 1, 0, 'F', '0', '0', 'workflow:leave:export', '#', 'admin', '2020-10-28 22:30:57', '', NULL, '');
INSERT INTO `sys_menu` VALUES (2006, '待办任务', 0, 6, 'task', NULL, 1, 0, 'M', '0', '0', '', 'excel', 'admin', '2020-11-04 10:53:24', 'admin', '2020-11-10 22:26:46', '');
INSERT INTO `sys_menu` VALUES (2007, '代办任务', 2006, 1, 'task', 'activiti/task', 1, 0, 'C', '0', '0', '', '#', 'admin', '2020-11-04 10:54:28', 'admin', '2020-11-04 10:55:06', '');
INSERT INTO `sys_menu` VALUES (2008, '我的OA', 0, 5, 'OA', NULL, 1, 0, 'M', '0', '0', '', 'guide', 'admin', '2020-11-10 22:13:34', 'admin', '2020-11-10 22:15:29', '');
INSERT INTO `sys_menu` VALUES (2009, '历史流程', 0, 7, 'open', NULL, 1, 0, 'M', '0', '0', NULL, 'eye-open', 'admin', '2020-11-10 22:17:36', '', NULL, '');
INSERT INTO `sys_menu` VALUES (2010, '请假历史', 2009, 1, 'leaveAll', 'workflow/leave/leaveAll', 1, 0, 'C', '0', '0', 'workflow:leave:list', '#', 'admin', '2020-10-28 22:30:57', 'admin', '2020-11-10 22:45:16', '请假菜单');
INSERT INTO `sys_menu` VALUES (2011, '土地收储中心管理', 0, 8, 'zhsc', '', 1, 0, 'M', '0', '0', '', 'education', 'admin', '2021-09-02 17:59:37', 'admin', '2021-09-03 08:53:54', '');
INSERT INTO `sys_menu` VALUES (2025, '工作台账', 2011, 1, 'gztz', 'zhsc/gztz/index', 1, 0, 'C', '0', '0', 'zhsc:gztz:list', '#', 'admin', '2021-09-03 15:11:36', '', NULL, '工作台账菜单');
INSERT INTO `sys_menu` VALUES (2026, '工作台账查询', 2025, 1, '#', '', 1, 0, 'F', '0', '0', 'zhsc:gztz:query', '#', 'admin', '2021-09-03 15:11:36', '', NULL, '');
INSERT INTO `sys_menu` VALUES (2027, '工作台账新增', 2025, 2, '#', '', 1, 0, 'F', '0', '0', 'zhsc:gztz:add', '#', 'admin', '2021-09-03 15:11:36', '', NULL, '');
INSERT INTO `sys_menu` VALUES (2028, '工作台账修改', 2025, 3, '#', '', 1, 0, 'F', '0', '0', 'zhsc:gztz:edit', '#', 'admin', '2021-09-03 15:11:36', '', NULL, '');
INSERT INTO `sys_menu` VALUES (2029, '工作台账删除', 2025, 4, '#', '', 1, 0, 'F', '0', '0', 'zhsc:gztz:remove', '#', 'admin', '2021-09-03 15:11:37', '', NULL, '');
INSERT INTO `sys_menu` VALUES (2030, '工作台账导出', 2025, 5, '#', '', 1, 0, 'F', '0', '0', 'zhsc:gztz:export', '#', 'admin', '2021-09-03 15:11:37', '', NULL, '');
INSERT INTO `sys_menu` VALUES (2031, '视频监控', 0, 9, 'camera', NULL, 1, 0, 'M', '0', '0', NULL, 'eye-open', 'admin', '2021-09-18 16:41:57', '', NULL, '');
INSERT INTO `sys_menu` VALUES (2032, '监控管理', 2031, 1, 'camera', 'camera/camera/index', 1, 0, 'C', '0', '0', 'camera:camera:list', '#', 'admin', '2021-09-18 17:18:24', '', NULL, '监控管理菜单');
INSERT INTO `sys_menu` VALUES (2033, '监控管理查询', 2032, 1, '#', '', 1, 0, 'F', '0', '0', 'camera:camera:query', '#', 'admin', '2021-09-18 17:18:24', '', NULL, '');
INSERT INTO `sys_menu` VALUES (2034, '监控管理新增', 2032, 2, '#', '', 1, 0, 'F', '0', '0', 'camera:camera:add', '#', 'admin', '2021-09-18 17:18:24', '', NULL, '');
INSERT INTO `sys_menu` VALUES (2035, '监控管理修改', 2032, 3, '#', '', 1, 0, 'F', '0', '0', 'camera:camera:edit', '#', 'admin', '2021-09-18 17:18:24', '', NULL, '');
INSERT INTO `sys_menu` VALUES (2036, '监控管理删除', 2032, 4, '#', '', 1, 0, 'F', '0', '0', 'camera:camera:remove', '#', 'admin', '2021-09-18 17:18:24', '', NULL, '');
INSERT INTO `sys_menu` VALUES (2037, '监控管理导出', 2032, 5, '#', '', 1, 0, 'F', '0', '0', 'camera:camera:export', '#', 'admin', '2021-09-18 17:18:24', '', NULL, '');

-- ----------------------------
-- Table structure for sys_notice
-- ----------------------------
DROP TABLE IF EXISTS `sys_notice`;
CREATE TABLE `sys_notice`  (
  `notice_id` int(4) NOT NULL AUTO_INCREMENT COMMENT '公告ID',
  `notice_title` varchar(50) CHARACTER SET utf8 COLLATE utf8_general_ci NOT NULL COMMENT '公告标题',
  `notice_type` char(1) CHARACTER SET utf8 COLLATE utf8_general_ci NOT NULL COMMENT '公告类型（1通知 2公告）',
  `notice_content` longblob NULL COMMENT '公告内容',
  `status` char(1) CHARACTER SET utf8 COLLATE utf8_general_ci NULL DEFAULT '0' COMMENT '公告状态（0正常 1关闭）',
  `create_by` varchar(64) CHARACTER SET utf8 COLLATE utf8_general_ci NULL DEFAULT '' COMMENT '创建者',
  `create_time` datetime(0) NULL DEFAULT NULL COMMENT '创建时间',
  `update_by` varchar(64) CHARACTER SET utf8 COLLATE utf8_general_ci NULL DEFAULT '' COMMENT '更新者',
  `update_time` datetime(0) NULL DEFAULT NULL COMMENT '更新时间',
  `remark` varchar(255) CHARACTER SET utf8 COLLATE utf8_general_ci NULL DEFAULT NULL COMMENT '备注',
  PRIMARY KEY (`notice_id`) USING BTREE
) ENGINE = InnoDB AUTO_INCREMENT = 3 CHARACTER SET = utf8 COLLATE = utf8_general_ci COMMENT = '通知公告表' ROW_FORMAT = Dynamic;

-- ----------------------------
-- Records of sys_notice
-- ----------------------------
INSERT INTO `sys_notice` VALUES (1, '温馨提醒：2018-07-01 若依新版本发布啦', '2', 0xE696B0E78988E69CACE58685E5AEB9, '0', 'admin', '2020-10-22 14:27:04', '', NULL, '管理员');
INSERT INTO `sys_notice` VALUES (2, '维护通知：2018-07-01 若依系统凌晨维护', '1', 0xE7BBB4E68AA4E58685E5AEB9, '0', 'admin', '2020-10-22 14:27:04', '', NULL, '管理员');

-- ----------------------------
-- Table structure for sys_oper_log
-- ----------------------------
DROP TABLE IF EXISTS `sys_oper_log`;
CREATE TABLE `sys_oper_log`  (
  `oper_id` bigint(20) NOT NULL AUTO_INCREMENT COMMENT '日志主键',
  `title` varchar(50) CHARACTER SET utf8 COLLATE utf8_general_ci NULL DEFAULT '' COMMENT '模块标题',
  `business_type` int(2) NULL DEFAULT 0 COMMENT '业务类型（0其它 1新增 2修改 3删除）',
  `method` varchar(100) CHARACTER SET utf8 COLLATE utf8_general_ci NULL DEFAULT '' COMMENT '方法名称',
  `request_method` varchar(10) CHARACTER SET utf8 COLLATE utf8_general_ci NULL DEFAULT '' COMMENT '请求方式',
  `operator_type` int(1) NULL DEFAULT 0 COMMENT '操作类别（0其它 1后台用户 2手机端用户）',
  `oper_name` varchar(50) CHARACTER SET utf8 COLLATE utf8_general_ci NULL DEFAULT '' COMMENT '操作人员',
  `dept_name` varchar(50) CHARACTER SET utf8 COLLATE utf8_general_ci NULL DEFAULT '' COMMENT '部门名称',
  `oper_url` varchar(255) CHARACTER SET utf8 COLLATE utf8_general_ci NULL DEFAULT '' COMMENT '请求URL',
  `oper_ip` varchar(50) CHARACTER SET utf8 COLLATE utf8_general_ci NULL DEFAULT '' COMMENT '主机地址',
  `oper_location` varchar(255) CHARACTER SET utf8 COLLATE utf8_general_ci NULL DEFAULT '' COMMENT '操作地点',
  `oper_param` varchar(2000) CHARACTER SET utf8 COLLATE utf8_general_ci NULL DEFAULT '' COMMENT '请求参数',
  `json_result` varchar(2000) CHARACTER SET utf8 COLLATE utf8_general_ci NULL DEFAULT '' COMMENT '返回参数',
  `status` int(1) NULL DEFAULT 0 COMMENT '操作状态（0正常 1异常）',
  `error_msg` varchar(2000) CHARACTER SET utf8 COLLATE utf8_general_ci NULL DEFAULT '' COMMENT '错误消息',
  `oper_time` datetime(0) NULL DEFAULT NULL COMMENT '操作时间',
  PRIMARY KEY (`oper_id`) USING BTREE
) ENGINE = InnoDB AUTO_INCREMENT = 336 CHARACTER SET = utf8 COLLATE = utf8_general_ci COMMENT = '操作日志记录' ROW_FORMAT = Dynamic;

-- ----------------------------
-- Records of sys_oper_log
-- ----------------------------
INSERT INTO `sys_oper_log` VALUES (224, '流程定义管理', 6, 'com.jzsjcdlxxzx.activiti.controller.ProcessDefinitionController.uploadStreamAndDeployment()', 'POST', 1, 'admin', NULL, '/processDefinition/uploadStreamAndDeployment', '127.0.0.1', '内网IP', '', '{\"msg\":\"操作成功\",\"code\":200}', 0, NULL, '2021-08-24 17:25:41');
INSERT INTO `sys_oper_log` VALUES (225, '流程定义管理', 3, 'com.ruoyi.activiti.controller.ProcessDefinitionController.delDefinition()', 'DELETE', 1, 'admin', NULL, '/processDefinition/remove/3ff5b531-04bd-11ec-9ee3-6c4b90f9f865', '127.0.0.1', '内网IP', '{deploymentId=3ff5b531-04bd-11ec-9ee3-6c4b90f9f865}', '{\"msg\":\"操作成功\",\"code\":200}', 0, NULL, '2021-08-24 17:43:04');
INSERT INTO `sys_oper_log` VALUES (226, '流程定义管理', 6, 'com.ruoyi.activiti.controller.ProcessDefinitionController.uploadStreamAndDeployment()', 'POST', 1, 'admin', NULL, '/processDefinition/uploadStreamAndDeployment', '127.0.0.1', '内网IP', '', '{\"msg\":\"操作成功\",\"code\":200}', 0, NULL, '2021-08-24 17:43:13');
INSERT INTO `sys_oper_log` VALUES (227, '部门管理', 1, 'com.jzsjcdlxxzx.web.controller.system.SysDeptController.add()', 'POST', 1, 'admin', NULL, '/system/dept', '127.0.0.1', '内网IP', '{\"deptName\":\"地信中心\",\"leader\":\"王变利\",\"orderNum\":\"200\",\"params\":{},\"parentId\":10,\"createBy\":\"admin\",\"children\":[],\"phone\":\"13211112222\",\"ancestors\":\"0,10\",\"status\":\"0\"}', '{\"msg\":\"操作成功\",\"code\":200}', 0, NULL, '2021-08-24 17:58:53');
INSERT INTO `sys_oper_log` VALUES (228, '部门管理', 1, 'com.jzsjcdlxxzx.web.controller.system.SysDeptController.add()', 'POST', 1, 'admin', NULL, '/system/dept', '127.0.0.1', '内网IP', '{\"deptName\":\"土地收储中心\",\"leader\":\"土地收储中心领导\",\"orderNum\":\"201\",\"params\":{},\"parentId\":10,\"createBy\":\"admin\",\"children\":[],\"phone\":\"13311111111\",\"ancestors\":\"0,10\",\"status\":\"0\"}', '{\"msg\":\"操作成功\",\"code\":200}', 0, NULL, '2021-08-24 17:59:46');
INSERT INTO `sys_oper_log` VALUES (229, '岗位管理', 1, 'com.jzsjcdlxxzx.web.controller.system.SysPostController.add()', 'POST', 1, 'admin', NULL, '/system/post', '127.0.0.1', '内网IP', '{\"postSort\":\"0\",\"flag\":false,\"postId\":5,\"params\":{},\"createBy\":\"admin\",\"postName\":\"地信中心领导\",\"postCode\":\"dxzxld\",\"status\":\"0\"}', '{\"msg\":\"操作成功\",\"code\":200}', 0, NULL, '2021-08-24 18:00:21');
INSERT INTO `sys_oper_log` VALUES (230, '岗位管理', 2, 'com.jzsjcdlxxzx.web.controller.system.SysPostController.edit()', 'PUT', 1, 'admin', NULL, '/system/post', '127.0.0.1', '内网IP', '{\"postSort\":\"200\",\"flag\":false,\"postId\":5,\"params\":{},\"createBy\":\"admin\",\"createTime\":1629799221000,\"updateBy\":\"admin\",\"postName\":\"地信中心领导\",\"postCode\":\"dxzxld\",\"status\":\"0\"}', '{\"msg\":\"操作成功\",\"code\":200}', 0, NULL, '2021-08-24 18:00:33');
INSERT INTO `sys_oper_log` VALUES (231, '岗位管理', 1, 'com.jzsjcdlxxzx.web.controller.system.SysPostController.add()', 'POST', 1, 'admin', NULL, '/system/post', '127.0.0.1', '内网IP', '{\"postSort\":\"201\",\"flag\":false,\"postId\":6,\"params\":{},\"createBy\":\"admin\",\"postName\":\"收储中心领导\",\"postCode\":\"sczxld\",\"status\":\"0\"}', '{\"msg\":\"操作成功\",\"code\":200}', 0, NULL, '2021-08-24 18:00:52');
INSERT INTO `sys_oper_log` VALUES (232, '角色管理', 1, 'com.jzsjcdlxxzx.web.controller.system.SysRoleController.add()', 'POST', 1, 'admin', NULL, '/system/role', '127.0.0.1', '内网IP', '{\"flag\":false,\"roleId\":101,\"admin\":false,\"params\":{},\"roleSort\":\"200\",\"deptCheckStrictly\":true,\"createBy\":\"admin\",\"menuCheckStrictly\":true,\"roleKey\":\"dxzxld\",\"roleName\":\"地信中心领导\",\"deptIds\":[],\"menuIds\":[1,100,1001,1002,1003,1004,1005,1006,1007,101,1008,1009,1010,1011,1012,102,1013,1014,1015,1016,103,1017,1018,1019,1020,104,1021,1022,1023,1024,1025,105,1026,1027,1028,1029,1030,106,1031,1032,1033,1034,1035,107,1036,1037,1038,1039,108,500,1040,1041,1042,501,1043,1044,1045,2,109,1046,1047,1048,110,1049,1050,1051,1052,1053,1054,111,112,3,113,114,1055,1056,1058,1057,1059,1060,115,4,5,1901,2008,2000,2001,2002,2003,2004,2005,2006,2007,2009,2010],\"status\":\"0\"}', '{\"msg\":\"操作成功\",\"code\":200}', 0, NULL, '2021-08-24 18:01:29');
INSERT INTO `sys_oper_log` VALUES (233, '角色管理', 1, 'com.jzsjcdlxxzx.web.controller.system.SysRoleController.add()', 'POST', 1, 'admin', NULL, '/system/role', '127.0.0.1', '内网IP', '{\"flag\":false,\"roleId\":102,\"admin\":false,\"params\":{},\"roleSort\":\"201\",\"deptCheckStrictly\":true,\"createBy\":\"admin\",\"menuCheckStrictly\":true,\"roleKey\":\"sczxld\",\"roleName\":\"收储中心领导\",\"deptIds\":[],\"menuIds\":[2008,2000,2001,2002,2003,2004,2005,2006,2007,2009,2010],\"status\":\"0\"}', '{\"msg\":\"操作成功\",\"code\":200}', 0, NULL, '2021-08-24 18:01:51');
INSERT INTO `sys_oper_log` VALUES (234, '用户管理', 1, 'com.jzsjcdlxxzx.web.controller.system.SysUserController.add()', 'POST', 1, 'admin', NULL, '/system/user', '127.0.0.1', '内网IP', '{\"phonenumber\":\"13211112222\",\"admin\":false,\"password\":\"$2a$10$KMPZeZCswOagtY/aHq9fIuNPnbomyd4271MFv.weeu5MTiuLSPyRC\",\"postIds\":[5],\"email\":\"wbl@qq.com\",\"nickName\":\"王变利\",\"sex\":\"1\",\"deptId\":200,\"params\":{},\"userName\":\"wbl\",\"userId\":105,\"createBy\":\"admin\",\"roleIds\":[101],\"status\":\"0\"}', '{\"msg\":\"操作成功\",\"code\":200}', 0, NULL, '2021-08-24 18:03:06');
INSERT INTO `sys_oper_log` VALUES (235, '用户管理', 1, 'com.jzsjcdlxxzx.web.controller.system.SysUserController.add()', 'POST', 1, 'admin', NULL, '/system/user', '127.0.0.1', '内网IP', '{\"phonenumber\":\"15811112222\",\"admin\":false,\"password\":\"$2a$10$Ocj6hqWZzxL9LbndI.RjJehcAJuAPeBeGe70NQYTk8JDqUdIXwI7C\",\"postIds\":[6],\"email\":\"sczx@qq.com\",\"nickName\":\"收储中心\",\"sex\":\"0\",\"deptId\":201,\"params\":{},\"userName\":\"sczx\",\"userId\":106,\"createBy\":\"admin\",\"roleIds\":[102],\"status\":\"0\"}', '{\"msg\":\"操作成功\",\"code\":200}', 0, NULL, '2021-08-24 18:03:45');
INSERT INTO `sys_oper_log` VALUES (236, '代码生成', 6, 'com.jzsjcdlxxzx.generator.controller.GenController.importTableSave()', 'POST', 1, 'admin', NULL, '/tool/gen/importTable', '127.0.0.1', '内网IP', 'camera', '{\"msg\":\"操作成功\",\"code\":200}', 0, NULL, '2021-08-30 10:32:35');
INSERT INTO `sys_oper_log` VALUES (237, '代码生成', 8, 'com.jzsjcdlxxzx.generator.controller.GenController.batchGenCode()', 'GET', 1, 'admin', NULL, '/tool/gen/batchGenCode', '127.0.0.1', '内网IP', '{}', 'null', 0, NULL, '2021-08-30 10:33:06');
INSERT INTO `sys_oper_log` VALUES (238, '代码生成', 8, 'com.jzsjcdlxxzx.generator.controller.GenController.batchGenCode()', 'GET', 1, 'admin', NULL, '/tool/gen/batchGenCode', '127.0.0.1', '内网IP', '{}', 'null', 0, NULL, '2021-08-30 10:35:34');
INSERT INTO `sys_oper_log` VALUES (239, '代码生成', 3, 'com.jzsjcdlxxzx.generator.controller.GenController.remove()', 'DELETE', 1, 'admin', NULL, '/tool/gen/6', '127.0.0.1', '内网IP', '{tableIds=6}', '{\"msg\":\"操作成功\",\"code\":200}', 0, NULL, '2021-08-30 10:40:01');
INSERT INTO `sys_oper_log` VALUES (240, '代码生成', 6, 'com.jzsjcdlxxzx.generator.controller.GenController.importTableSave()', 'POST', 1, 'admin', NULL, '/tool/gen/importTable', '127.0.0.1', '内网IP', 'sys_camera', '{\"msg\":\"操作成功\",\"code\":200}', 0, NULL, '2021-08-30 10:40:58');
INSERT INTO `sys_oper_log` VALUES (241, '代码生成', 8, 'com.jzsjcdlxxzx.generator.controller.GenController.batchGenCode()', 'GET', 1, 'admin', NULL, '/tool/gen/batchGenCode', '127.0.0.1', '内网IP', '{}', 'null', 0, NULL, '2021-08-30 10:41:01');
INSERT INTO `sys_oper_log` VALUES (242, '部门管理', 2, 'com.jzsjcdlxxzx.web.controller.system.SysDeptController.edit()', 'PUT', 1, 'admin', NULL, '/system/dept', '127.0.0.1', '内网IP', '{\"deptName\":\"测试开发\",\"leader\":\"test\",\"deptId\":100,\"orderNum\":\"0\",\"delFlag\":\"0\",\"params\":{},\"parentId\":0,\"createBy\":\"admin\",\"children\":[],\"createTime\":1603348024000,\"phone\":\"15888888888\",\"updateBy\":\"admin\",\"ancestors\":\"0\",\"email\":\"test@qq.com\",\"status\":\"0\"}', '{\"msg\":\"操作成功\",\"code\":200}', 0, NULL, '2021-09-02 09:20:30');
INSERT INTO `sys_oper_log` VALUES (243, '用户管理', 2, 'com.jzsjcdlxxzx.web.controller.system.SysUserController.edit()', 'PUT', 1, 'admin', NULL, '/system/user', '127.0.0.1', '内网IP', '{\"roles\":[{\"flag\":false,\"roleId\":1,\"admin\":true,\"dataScope\":\"1\",\"params\":{},\"roleSort\":\"1\",\"deptCheckStrictly\":false,\"menuCheckStrictly\":false,\"roleKey\":\"admin\",\"roleName\":\"超级管理员\",\"status\":\"0\"}],\"phonenumber\":\"15888888888\",\"admin\":true,\"loginDate\":1603348024000,\"remark\":\"管理员\",\"delFlag\":\"0\",\"password\":\"\",\"postIds\":[1],\"loginIp\":\"127.0.0.1\",\"email\":\"ry@163.com\",\"nickName\":\"ry\",\"sex\":\"1\",\"deptId\":103,\"avatar\":\"/profile/avatar/2020/10/25/f2304bcb-a3ee-4471-bc33-4431ab80af5a.jpeg\",\"dept\":{\"deptName\":\"研发部门\",\"leader\":\"若依\",\"deptId\":103,\"orderNum\":\"1\",\"params\":{},\"parentId\":100,\"children\":[],\"status\":\"0\"},\"params\":{},\"userName\":\"admin\",\"userId\":1,\"createBy\":\"admin\",\"roleIds\":[1],\"createTime\":1603348024000,\"status\":\"0\"}', 'null', 1, '不允许操作超级管理员用户', '2021-09-02 09:20:53');
INSERT INTO `sys_oper_log` VALUES (244, '用户管理', 2, 'com.jzsjcdlxxzx.web.controller.system.SysUserController.edit()', 'PUT', 1, 'admin', NULL, '/system/user', '127.0.0.1', '内网IP', '{\"roles\":[{\"flag\":false,\"roleId\":2,\"admin\":false,\"dataScope\":\"5\",\"params\":{},\"roleSort\":\"2\",\"deptCheckStrictly\":false,\"menuCheckStrictly\":false,\"roleKey\":\"common\",\"roleName\":\"普通角色\",\"status\":\"0\"}],\"phonenumber\":\"15666666666\",\"admin\":false,\"loginDate\":1603348024000,\"remark\":\"测试员\",\"delFlag\":\"0\",\"password\":\"\",\"updateBy\":\"admin\",\"postIds\":[3],\"loginIp\":\"127.0.0.1\",\"email\":\"ry@qq.com\",\"nickName\":\"ry\",\"sex\":\"1\",\"deptId\":105,\"avatar\":\"\",\"dept\":{\"deptName\":\"测试部门\",\"leader\":\"若依\",\"deptId\":105,\"orderNum\":\"3\",\"params\":{},\"parentId\":100,\"children\":[],\"status\":\"0\"},\"params\":{},\"userName\":\"ry\",\"userId\":2,\"createBy\":\"admin\",\"roleIds\":[2],\"createTime\":1603348024000,\"status\":\"0\"}', '{\"msg\":\"操作成功\",\"code\":200}', 0, NULL, '2021-09-02 09:21:04');
INSERT INTO `sys_oper_log` VALUES (245, '用户管理', 2, 'com.jzsjcdlxxzx.web.controller.system.SysUserController.edit()', 'PUT', 1, 'admin', NULL, '/system/user', '127.0.0.1', '内网IP', '{\"roles\":[{\"flag\":false,\"roleId\":2,\"admin\":false,\"dataScope\":\"5\",\"params\":{},\"roleSort\":\"2\",\"deptCheckStrictly\":false,\"menuCheckStrictly\":false,\"roleKey\":\"common\",\"roleName\":\"普通角色\",\"status\":\"0\"}],\"phonenumber\":\"15666666666\",\"admin\":false,\"loginDate\":1603348024000,\"remark\":\"测试员\",\"delFlag\":\"0\",\"password\":\"\",\"updateBy\":\"admin\",\"postIds\":[3],\"loginIp\":\"127.0.0.1\",\"email\":\"ry@qq.com\",\"nickName\":\"测试员\",\"sex\":\"1\",\"deptId\":105,\"avatar\":\"\",\"dept\":{\"deptName\":\"测试部门\",\"leader\":\"若依\",\"deptId\":105,\"orderNum\":\"3\",\"params\":{},\"parentId\":100,\"children\":[],\"status\":\"0\"},\"params\":{},\"userName\":\"ry\",\"userId\":2,\"createBy\":\"admin\",\"roleIds\":[2],\"createTime\":1603348024000,\"status\":\"0\"}', '{\"msg\":\"操作成功\",\"code\":200}', 0, NULL, '2021-09-02 09:21:28');
INSERT INTO `sys_oper_log` VALUES (246, '菜单管理', 2, 'com.jzsjcdlxxzx.web.controller.system.SysMenuController.edit()', 'PUT', 1, 'admin', NULL, '/system/menu', '127.0.0.1', '内网IP', '{\"visible\":\"0\",\"icon\":\"guide\",\"orderNum\":\"4\",\"menuName\":\"门户网站\",\"params\":{},\"parentId\":0,\"isCache\":\"0\",\"path\":\"http://zrzyj.jiaozuo.gov.cn/\",\"children\":[],\"createTime\":1603348024000,\"updateBy\":\"admin\",\"isFrame\":\"0\",\"menuId\":4,\"menuType\":\"M\",\"perms\":\"\",\"status\":\"0\"}', '{\"msg\":\"操作成功\",\"code\":200}', 0, NULL, '2021-09-02 17:56:55');
INSERT INTO `sys_oper_log` VALUES (247, '菜单管理', 1, 'com.jzsjcdlxxzx.web.controller.system.SysMenuController.add()', 'POST', 1, 'admin', NULL, '/system/menu', '127.0.0.1', '内网IP', '{\"visible\":\"0\",\"orderNum\":\"8\",\"menuName\":\"台账管理\",\"params\":{},\"parentId\":0,\"isCache\":\"0\",\"path\":\"gztz\",\"createBy\":\"admin\",\"children\":[],\"isFrame\":\"1\",\"menuType\":\"M\",\"status\":\"0\"}', '{\"msg\":\"操作成功\",\"code\":200}', 0, NULL, '2021-09-02 17:59:37');
INSERT INTO `sys_oper_log` VALUES (248, '菜单管理', 2, 'com.jzsjcdlxxzx.web.controller.system.SysMenuController.edit()', 'PUT', 1, 'admin', NULL, '/system/menu', '127.0.0.1', '内网IP', '{\"visible\":\"0\",\"icon\":\"#\",\"orderNum\":\"8\",\"menuName\":\"台账管理\",\"params\":{},\"parentId\":0,\"isCache\":\"0\",\"path\":\"tz\",\"children\":[],\"createTime\":1630576777000,\"updateBy\":\"admin\",\"isFrame\":\"1\",\"menuId\":2011,\"menuType\":\"M\",\"perms\":\"\",\"status\":\"0\"}', '{\"msg\":\"操作成功\",\"code\":200}', 0, NULL, '2021-09-02 18:00:00');
INSERT INTO `sys_oper_log` VALUES (249, '菜单管理', 2, 'com.jzsjcdlxxzx.web.controller.system.SysMenuController.edit()', 'PUT', 1, 'admin', NULL, '/system/menu', '127.0.0.1', '内网IP', '{\"visible\":\"0\",\"icon\":\"education\",\"orderNum\":\"8\",\"menuName\":\"台账管理\",\"params\":{},\"parentId\":0,\"isCache\":\"0\",\"path\":\"tz\",\"children\":[],\"createTime\":1630576777000,\"updateBy\":\"admin\",\"isFrame\":\"1\",\"menuId\":2011,\"menuType\":\"M\",\"perms\":\"\",\"status\":\"0\"}', '{\"msg\":\"操作成功\",\"code\":200}', 0, NULL, '2021-09-02 18:01:02');
INSERT INTO `sys_oper_log` VALUES (250, '用户管理', 2, 'com.jzsjcdlxxzx.web.controller.system.SysUserController.edit()', 'PUT', 1, 'admin', NULL, '/system/user', '127.0.0.1', '内网IP', '{\"roles\":[{\"flag\":false,\"roleId\":1,\"admin\":true,\"dataScope\":\"1\",\"params\":{},\"roleSort\":\"1\",\"deptCheckStrictly\":false,\"menuCheckStrictly\":false,\"roleKey\":\"admin\",\"roleName\":\"超级管理员\",\"status\":\"0\"}],\"phonenumber\":\"15888888888\",\"admin\":true,\"loginDate\":1603348024000,\"remark\":\"管理员\",\"delFlag\":\"0\",\"password\":\"\",\"postIds\":[1],\"loginIp\":\"127.0.0.1\",\"email\":\"ry@163.com\",\"nickName\":\"管理员\",\"sex\":\"1\",\"deptId\":103,\"avatar\":\"/profile/avatar/2020/10/25/f2304bcb-a3ee-4471-bc33-4431ab80af5a.jpeg\",\"dept\":{\"deptName\":\"研发部门\",\"leader\":\"若依\",\"deptId\":103,\"orderNum\":\"1\",\"params\":{},\"parentId\":100,\"children\":[],\"status\":\"0\"},\"params\":{},\"userName\":\"admin\",\"userId\":1,\"createBy\":\"admin\",\"roleIds\":[1],\"createTime\":1603348024000,\"status\":\"0\"}', 'null', 1, '不允许操作超级管理员用户', '2021-09-02 18:16:29');
INSERT INTO `sys_oper_log` VALUES (251, '字典类型', 1, 'com.jzsjcdlxxzx.web.controller.system.SysDictTypeController.add()', 'POST', 1, 'admin', NULL, '/system/dict/type', '127.0.0.1', '内网IP', '{\"remark\":\"是否完成\",\"params\":{},\"dictType\":\"zhsc_wc\",\"createBy\":\"admin\",\"dictName\":\"是否完成\",\"status\":\"0\"}', '{\"msg\":\"操作成功\",\"code\":200}', 0, NULL, '2021-09-03 08:37:37');
INSERT INTO `sys_oper_log` VALUES (252, '菜单管理', 2, 'com.jzsjcdlxxzx.web.controller.system.SysMenuController.edit()', 'PUT', 1, 'admin', NULL, '/system/menu', '127.0.0.1', '内网IP', '{\"visible\":\"0\",\"icon\":\"education\",\"orderNum\":\"8\",\"menuName\":\"土地收储中心管理\",\"params\":{},\"parentId\":0,\"isCache\":\"0\",\"path\":\"sczx\",\"children\":[],\"createTime\":1630576777000,\"updateBy\":\"admin\",\"isFrame\":\"1\",\"menuId\":2011,\"menuType\":\"M\",\"perms\":\"\",\"status\":\"0\"}', '{\"msg\":\"操作成功\",\"code\":200}', 0, NULL, '2021-09-03 08:53:54');
INSERT INTO `sys_oper_log` VALUES (253, '菜单管理', 1, 'com.jzsjcdlxxzx.web.controller.system.SysMenuController.add()', 'POST', 1, 'admin', NULL, '/system/menu', '127.0.0.1', '内网IP', '{\"visible\":\"0\",\"icon\":\"education\",\"orderNum\":\"1\",\"menuName\":\"台账管理\",\"params\":{},\"parentId\":2011,\"isCache\":\"0\",\"path\":\"tz\",\"createBy\":\"admin\",\"children\":[],\"isFrame\":\"1\",\"menuType\":\"M\",\"status\":\"0\"}', '{\"msg\":\"操作成功\",\"code\":200}', 0, NULL, '2021-09-03 08:54:49');
INSERT INTO `sys_oper_log` VALUES (254, '字典类型', 1, 'com.jzsjcdlxxzx.web.controller.system.SysDictTypeController.add()', 'POST', 1, 'admin', NULL, '/system/dict/type', '127.0.0.1', '内网IP', '{\"remark\":\"辖区\",\"params\":{},\"dictType\":\"zhsc_xq\",\"createBy\":\"admin\",\"dictName\":\"辖区\",\"status\":\"0\"}', '{\"msg\":\"操作成功\",\"code\":200}', 0, NULL, '2021-09-03 09:17:15');
INSERT INTO `sys_oper_log` VALUES (255, '字典类型', 1, 'com.jzsjcdlxxzx.web.controller.system.SysDictTypeController.add()', 'POST', 1, 'admin', NULL, '/system/dict/type', '127.0.0.1', '内网IP', '{\"remark\":\"组别\",\"params\":{},\"dictType\":\"zhsc_zb\",\"createBy\":\"admin\",\"dictName\":\"组别\",\"status\":\"0\"}', '{\"msg\":\"操作成功\",\"code\":200}', 0, NULL, '2021-09-03 09:17:33');
INSERT INTO `sys_oper_log` VALUES (256, '代码生成', 6, 'com.jzsjcdlxxzx.generator.controller.GenController.importTableSave()', 'POST', 1, 'admin', NULL, '/tool/gen/importTable', '127.0.0.1', '内网IP', 'zhsc_gztz', '{\"msg\":\"操作成功\",\"code\":200}', 0, NULL, '2021-09-03 10:28:16');
INSERT INTO `sys_oper_log` VALUES (257, '代码生成', 3, 'com.jzsjcdlxxzx.generator.controller.GenController.remove()', 'DELETE', 1, 'admin', NULL, '/tool/gen/8', '127.0.0.1', '内网IP', '{tableIds=8}', '{\"msg\":\"操作成功\",\"code\":200}', 0, NULL, '2021-09-03 10:28:30');
INSERT INTO `sys_oper_log` VALUES (258, '代码生成', 6, 'com.jzsjcdlxxzx.generator.controller.GenController.importTableSave()', 'POST', 1, 'admin', NULL, '/tool/gen/importTable', '127.0.0.1', '内网IP', 'zhsc_gztz', '{\"msg\":\"操作成功\",\"code\":200}', 0, NULL, '2021-09-03 10:35:31');
INSERT INTO `sys_oper_log` VALUES (259, '代码生成', 2, 'com.jzsjcdlxxzx.generator.controller.GenController.editSave()', 'PUT', 1, 'admin', NULL, '/tool/gen', '127.0.0.1', '内网IP', '{\"functionAuthor\":\"jzsjcdlxxzx\",\"columns\":[{\"usableColumn\":false,\"columnId\":47,\"isIncrement\":\"1\",\"increment\":true,\"insert\":true,\"dictType\":\"\",\"required\":false,\"superColumn\":false,\"updateBy\":\"\",\"isInsert\":\"1\",\"javaField\":\"id\",\"htmlType\":\"input\",\"edit\":false,\"query\":false,\"columnComment\":\"主键\",\"sort\":1,\"list\":false,\"params\":{},\"javaType\":\"Long\",\"queryType\":\"EQ\",\"columnType\":\"bigint(20)\",\"createBy\":\"admin\",\"isPk\":\"1\",\"createTime\":1630636531000,\"tableId\":9,\"pk\":true,\"columnName\":\"id\"},{\"usableColumn\":false,\"columnId\":48,\"isIncrement\":\"0\",\"increment\":false,\"insert\":true,\"isList\":\"1\",\"dictType\":\"zhsc_xq\",\"required\":false,\"superColumn\":false,\"updateBy\":\"\",\"isInsert\":\"1\",\"javaField\":\"xq\",\"htmlType\":\"select\",\"edit\":true,\"query\":true,\"columnComment\":\"辖区\",\"isQuery\":\"1\",\"sort\":2,\"list\":true,\"params\":{},\"javaType\":\"String\",\"queryType\":\"EQ\",\"columnType\":\"varchar(1)\",\"createBy\":\"admin\",\"isPk\":\"0\",\"createTime\":1630636531000,\"isEdit\":\"1\",\"tableId\":9,\"pk\":false,\"columnName\":\"xq\"},{\"usableColumn\":false,\"columnId\":49,\"isIncrement\":\"0\",\"increment\":false,\"insert\":true,\"isList\":\"1\",\"dictType\":\"zhsc_zb\",\"required\":false,\"superColumn\":false,\"updateBy\":\"\",\"isInsert\":\"1\",\"javaField\":\"zb\",\"htmlType\":\"select\",\"edit\":true,\"query\":true,\"columnComment\":\"组别\",\"isQuery\":\"1\",\"sort\":3,\"list\":true,\"params\":{},\"javaType\":\"String\",\"queryType\":\"EQ\",\"columnType\":\"varchar(1)\",\"createBy\":\"admin\",\"isPk\":\"0\",\"createTime\":1630636531000,\"isEdit\":\"1\",\"tableId\":9,\"pk\":false,\"columnName\":\"zb\"},{\"usableColumn\":false,\"columnId\":50,\"isIncrement\":\"0\",\"increment\":false,\"insert\":true,\"isList\":\"1\",\"dictType\":\"\",\"required\":false,\"superColumn\":false,\"updateBy\":\"\",\"isInsert\":\"1\",\"javaField\":\"ytdsyqr\",\"htmlType\":\"input\",\"edit\":true,\"query\":true,\"columnComment\":\"原土地使用权人\",\"isQuery\":\"1\",\"sort\":4,\"list\":true,\"params\":{},\"javaType\":\"String\",\"queryType\":\"EQ\",\"columnType\":\"varchar(50)\",\"createBy\":\"admin\",\"isPk\":\"0\",\"createTime\":1630636531000,\"isEdit\":\"1\",\"tableId\":9,\"pk\":false,\"columnName\":\"ytdsyqr\"},{\"usableColumn\":false,\"columnId\":5', '{\"msg\":\"操作成功\",\"code\":200}', 0, NULL, '2021-09-03 10:39:01');
INSERT INTO `sys_oper_log` VALUES (260, '代码生成', 2, 'com.jzsjcdlxxzx.generator.controller.GenController.editSave()', 'PUT', 1, 'admin', NULL, '/tool/gen', '127.0.0.1', '内网IP', '{\"functionAuthor\":\"jzsjcdlxxzx\",\"columns\":[{\"usableColumn\":false,\"columnId\":47,\"isIncrement\":\"1\",\"increment\":true,\"insert\":true,\"dictType\":\"\",\"required\":false,\"superColumn\":false,\"updateBy\":\"\",\"isInsert\":\"1\",\"javaField\":\"id\",\"htmlType\":\"input\",\"edit\":false,\"query\":false,\"columnComment\":\"主键\",\"updateTime\":1630636741000,\"sort\":1,\"list\":false,\"params\":{},\"javaType\":\"Long\",\"queryType\":\"EQ\",\"columnType\":\"bigint(20)\",\"createBy\":\"admin\",\"isPk\":\"1\",\"createTime\":1630636531000,\"tableId\":9,\"pk\":true,\"columnName\":\"id\"},{\"usableColumn\":false,\"columnId\":48,\"isIncrement\":\"0\",\"increment\":false,\"insert\":true,\"isList\":\"1\",\"dictType\":\"zhsc_xq\",\"required\":false,\"superColumn\":false,\"updateBy\":\"\",\"isInsert\":\"1\",\"javaField\":\"xq\",\"htmlType\":\"select\",\"edit\":true,\"query\":true,\"columnComment\":\"辖区\",\"isQuery\":\"1\",\"updateTime\":1630636741000,\"sort\":2,\"list\":true,\"params\":{},\"javaType\":\"String\",\"queryType\":\"EQ\",\"columnType\":\"varchar(1)\",\"createBy\":\"admin\",\"isPk\":\"0\",\"createTime\":1630636531000,\"isEdit\":\"1\",\"tableId\":9,\"pk\":false,\"columnName\":\"xq\"},{\"usableColumn\":false,\"columnId\":49,\"isIncrement\":\"0\",\"increment\":false,\"insert\":true,\"isList\":\"1\",\"dictType\":\"zhsc_zb\",\"required\":false,\"superColumn\":false,\"updateBy\":\"\",\"isInsert\":\"1\",\"javaField\":\"zb\",\"htmlType\":\"select\",\"edit\":true,\"query\":true,\"columnComment\":\"组别\",\"isQuery\":\"1\",\"updateTime\":1630636741000,\"sort\":3,\"list\":true,\"params\":{},\"javaType\":\"String\",\"queryType\":\"EQ\",\"columnType\":\"varchar(1)\",\"createBy\":\"admin\",\"isPk\":\"0\",\"createTime\":1630636531000,\"isEdit\":\"1\",\"tableId\":9,\"pk\":false,\"columnName\":\"zb\"},{\"usableColumn\":false,\"columnId\":50,\"isIncrement\":\"0\",\"increment\":false,\"insert\":true,\"isList\":\"1\",\"dictType\":\"\",\"required\":false,\"superColumn\":false,\"updateBy\":\"\",\"isInsert\":\"1\",\"javaField\":\"ytdsyqr\",\"htmlType\":\"input\",\"edit\":true,\"query\":true,\"columnComment\":\"原土地使用权人\",\"isQuery\":\"1\",\"updateTime\":1630636741000,\"sort\":4,\"list\":true,\"params\":{},\"javaType\":\"String\",\"queryType\":\"EQ\",\"columnType\":\"varchar(50)\",\"createBy\":\"admin\",\"isPk\":\"0\",\"createTime\":', '{\"msg\":\"操作成功\",\"code\":200}', 0, NULL, '2021-09-03 10:40:07');
INSERT INTO `sys_oper_log` VALUES (261, '代码生成', 8, 'com.jzsjcdlxxzx.generator.controller.GenController.batchGenCode()', 'GET', 1, 'admin', NULL, '/tool/gen/batchGenCode', '127.0.0.1', '内网IP', '{}', 'null', 0, NULL, '2021-09-03 10:40:15');
INSERT INTO `sys_oper_log` VALUES (262, '代码生成', 2, 'com.jzsjcdlxxzx.generator.controller.GenController.editSave()', 'PUT', 1, 'admin', NULL, '/tool/gen', '127.0.0.1', '内网IP', '{\"functionAuthor\":\"jzsjcdlxxzx\",\"columns\":[{\"usableColumn\":false,\"columnId\":47,\"isIncrement\":\"1\",\"increment\":true,\"insert\":true,\"dictType\":\"\",\"required\":false,\"superColumn\":false,\"updateBy\":\"\",\"isInsert\":\"1\",\"javaField\":\"id\",\"htmlType\":\"input\",\"edit\":false,\"query\":false,\"columnComment\":\"主键\",\"updateTime\":1630636807000,\"sort\":1,\"list\":false,\"params\":{},\"javaType\":\"Long\",\"queryType\":\"EQ\",\"columnType\":\"bigint(20)\",\"createBy\":\"admin\",\"isPk\":\"1\",\"createTime\":1630636531000,\"tableId\":9,\"pk\":true,\"columnName\":\"id\"},{\"usableColumn\":false,\"columnId\":48,\"isIncrement\":\"0\",\"increment\":false,\"insert\":true,\"isList\":\"1\",\"dictType\":\"zhsc_xq\",\"required\":false,\"superColumn\":false,\"updateBy\":\"\",\"isInsert\":\"1\",\"javaField\":\"xq\",\"htmlType\":\"select\",\"edit\":true,\"query\":true,\"columnComment\":\"辖区\",\"isQuery\":\"1\",\"updateTime\":1630636807000,\"sort\":2,\"list\":true,\"params\":{},\"javaType\":\"String\",\"queryType\":\"EQ\",\"columnType\":\"varchar(1)\",\"createBy\":\"admin\",\"isPk\":\"0\",\"createTime\":1630636531000,\"isEdit\":\"1\",\"tableId\":9,\"pk\":false,\"columnName\":\"xq\"},{\"usableColumn\":false,\"columnId\":49,\"isIncrement\":\"0\",\"increment\":false,\"insert\":true,\"isList\":\"1\",\"dictType\":\"zhsc_zb\",\"required\":false,\"superColumn\":false,\"updateBy\":\"\",\"isInsert\":\"1\",\"javaField\":\"zb\",\"htmlType\":\"select\",\"edit\":true,\"query\":true,\"columnComment\":\"组别\",\"isQuery\":\"1\",\"updateTime\":1630636807000,\"sort\":3,\"list\":true,\"params\":{},\"javaType\":\"String\",\"queryType\":\"EQ\",\"columnType\":\"varchar(1)\",\"createBy\":\"admin\",\"isPk\":\"0\",\"createTime\":1630636531000,\"isEdit\":\"1\",\"tableId\":9,\"pk\":false,\"columnName\":\"zb\"},{\"usableColumn\":false,\"columnId\":50,\"isIncrement\":\"0\",\"increment\":false,\"insert\":true,\"isList\":\"1\",\"dictType\":\"\",\"required\":false,\"superColumn\":false,\"updateBy\":\"\",\"isInsert\":\"1\",\"javaField\":\"ytdsyqr\",\"htmlType\":\"input\",\"edit\":true,\"query\":true,\"columnComment\":\"原土地使用权人\",\"isQuery\":\"1\",\"updateTime\":1630636807000,\"sort\":4,\"list\":true,\"params\":{},\"javaType\":\"String\",\"queryType\":\"EQ\",\"columnType\":\"varchar(50)\",\"createBy\":\"admin\",\"isPk\":\"0\",\"createTime\":', '{\"msg\":\"操作成功\",\"code\":200}', 0, NULL, '2021-09-03 10:59:57');
INSERT INTO `sys_oper_log` VALUES (263, '代码生成', 2, 'com.jzsjcdlxxzx.generator.controller.GenController.editSave()', 'PUT', 1, 'admin', NULL, '/tool/gen', '127.0.0.1', '内网IP', '{\"functionAuthor\":\"jzsjcdlxxzx\",\"columns\":[{\"usableColumn\":false,\"columnId\":47,\"isIncrement\":\"1\",\"increment\":true,\"insert\":true,\"dictType\":\"\",\"required\":false,\"superColumn\":false,\"updateBy\":\"\",\"isInsert\":\"1\",\"javaField\":\"id\",\"htmlType\":\"input\",\"edit\":false,\"query\":false,\"columnComment\":\"主键\",\"updateTime\":1630636807000,\"sort\":1,\"list\":false,\"params\":{},\"javaType\":\"Long\",\"queryType\":\"EQ\",\"columnType\":\"bigint(20)\",\"createBy\":\"admin\",\"isPk\":\"1\",\"createTime\":1630636531000,\"tableId\":9,\"pk\":true,\"columnName\":\"id\"},{\"usableColumn\":false,\"columnId\":48,\"isIncrement\":\"0\",\"increment\":false,\"insert\":true,\"isList\":\"1\",\"dictType\":\"zhsc_xq\",\"required\":false,\"superColumn\":false,\"updateBy\":\"\",\"isInsert\":\"1\",\"javaField\":\"xq\",\"htmlType\":\"select\",\"edit\":true,\"query\":true,\"columnComment\":\"辖区\",\"isQuery\":\"1\",\"updateTime\":1630636807000,\"sort\":2,\"list\":true,\"params\":{},\"javaType\":\"String\",\"queryType\":\"EQ\",\"columnType\":\"varchar(1)\",\"createBy\":\"admin\",\"isPk\":\"0\",\"createTime\":1630636531000,\"isEdit\":\"1\",\"tableId\":9,\"pk\":false,\"columnName\":\"xq\"},{\"usableColumn\":false,\"columnId\":49,\"isIncrement\":\"0\",\"increment\":false,\"insert\":true,\"isList\":\"1\",\"dictType\":\"zhsc_zb\",\"required\":false,\"superColumn\":false,\"updateBy\":\"\",\"isInsert\":\"1\",\"javaField\":\"zb\",\"htmlType\":\"select\",\"edit\":true,\"query\":true,\"columnComment\":\"组别\",\"isQuery\":\"1\",\"updateTime\":1630636807000,\"sort\":3,\"list\":true,\"params\":{},\"javaType\":\"String\",\"queryType\":\"EQ\",\"columnType\":\"varchar(1)\",\"createBy\":\"admin\",\"isPk\":\"0\",\"createTime\":1630636531000,\"isEdit\":\"1\",\"tableId\":9,\"pk\":false,\"columnName\":\"zb\"},{\"usableColumn\":false,\"columnId\":50,\"isIncrement\":\"0\",\"increment\":false,\"insert\":true,\"isList\":\"1\",\"dictType\":\"\",\"required\":false,\"superColumn\":false,\"updateBy\":\"\",\"isInsert\":\"1\",\"javaField\":\"ytdsyqr\",\"htmlType\":\"input\",\"edit\":true,\"query\":true,\"columnComment\":\"原土地使用权人\",\"isQuery\":\"1\",\"updateTime\":1630636807000,\"sort\":4,\"list\":true,\"params\":{},\"javaType\":\"String\",\"queryType\":\"EQ\",\"columnType\":\"varchar(50)\",\"createBy\":\"admin\",\"isPk\":\"0\",\"createTime\":', '{\"msg\":\"操作成功\",\"code\":200}', 0, NULL, '2021-09-03 10:59:57');
INSERT INTO `sys_oper_log` VALUES (264, '代码生成', 2, 'com.jzsjcdlxxzx.generator.controller.GenController.editSave()', 'PUT', 1, 'admin', NULL, '/tool/gen', '127.0.0.1', '内网IP', '{\"functionAuthor\":\"jzsjcdlxxzx\",\"columns\":[{\"usableColumn\":false,\"columnId\":47,\"isIncrement\":\"1\",\"increment\":true,\"insert\":true,\"dictType\":\"\",\"required\":false,\"superColumn\":false,\"updateBy\":\"\",\"isInsert\":\"1\",\"javaField\":\"id\",\"htmlType\":\"input\",\"edit\":false,\"query\":false,\"columnComment\":\"主键\",\"updateTime\":1630637997000,\"sort\":1,\"list\":false,\"params\":{},\"javaType\":\"Long\",\"queryType\":\"EQ\",\"columnType\":\"bigint(20)\",\"createBy\":\"admin\",\"isPk\":\"1\",\"createTime\":1630636531000,\"tableId\":9,\"pk\":true,\"columnName\":\"id\"},{\"usableColumn\":false,\"columnId\":48,\"isIncrement\":\"0\",\"increment\":false,\"insert\":true,\"isList\":\"1\",\"dictType\":\"zhsc_xq\",\"required\":false,\"superColumn\":false,\"updateBy\":\"\",\"isInsert\":\"1\",\"javaField\":\"xq\",\"htmlType\":\"select\",\"edit\":true,\"query\":true,\"columnComment\":\"辖区\",\"isQuery\":\"1\",\"updateTime\":1630637997000,\"sort\":2,\"list\":true,\"params\":{},\"javaType\":\"String\",\"queryType\":\"EQ\",\"columnType\":\"varchar(1)\",\"createBy\":\"admin\",\"isPk\":\"0\",\"createTime\":1630636531000,\"isEdit\":\"1\",\"tableId\":9,\"pk\":false,\"columnName\":\"xq\"},{\"usableColumn\":false,\"columnId\":49,\"isIncrement\":\"0\",\"increment\":false,\"insert\":true,\"isList\":\"1\",\"dictType\":\"zhsc_zb\",\"required\":false,\"superColumn\":false,\"updateBy\":\"\",\"isInsert\":\"1\",\"javaField\":\"zb\",\"htmlType\":\"select\",\"edit\":true,\"query\":true,\"columnComment\":\"组别\",\"isQuery\":\"1\",\"updateTime\":1630637997000,\"sort\":3,\"list\":true,\"params\":{},\"javaType\":\"String\",\"queryType\":\"EQ\",\"columnType\":\"varchar(1)\",\"createBy\":\"admin\",\"isPk\":\"0\",\"createTime\":1630636531000,\"isEdit\":\"1\",\"tableId\":9,\"pk\":false,\"columnName\":\"zb\"},{\"usableColumn\":false,\"columnId\":50,\"isIncrement\":\"0\",\"increment\":false,\"insert\":true,\"isList\":\"1\",\"dictType\":\"\",\"required\":false,\"superColumn\":false,\"updateBy\":\"\",\"isInsert\":\"1\",\"javaField\":\"ytdsyqr\",\"htmlType\":\"input\",\"edit\":true,\"query\":true,\"columnComment\":\"原土地使用权人\",\"isQuery\":\"1\",\"updateTime\":1630637997000,\"sort\":4,\"list\":true,\"params\":{},\"javaType\":\"String\",\"queryType\":\"EQ\",\"columnType\":\"varchar(50)\",\"createBy\":\"admin\",\"isPk\":\"0\",\"createTime\":', '{\"msg\":\"操作成功\",\"code\":200}', 0, NULL, '2021-09-03 11:11:14');
INSERT INTO `sys_oper_log` VALUES (265, '代码生成', 8, 'com.jzsjcdlxxzx.generator.controller.GenController.batchGenCode()', 'GET', 1, 'admin', NULL, '/tool/gen/batchGenCode', '127.0.0.1', '内网IP', '{}', 'null', 0, NULL, '2021-09-03 11:12:20');
INSERT INTO `sys_oper_log` VALUES (266, '菜单管理', 3, 'com.jzsjcdlxxzx.web.controller.system.SysMenuController.remove()', 'DELETE', 1, 'admin', NULL, '/system/menu/2013', '127.0.0.1', '内网IP', '{menuId=2013}', '{\"msg\":\"存在子菜单,不允许删除\",\"code\":500}', 0, NULL, '2021-09-03 11:14:24');
INSERT INTO `sys_oper_log` VALUES (267, '菜单管理', 3, 'com.jzsjcdlxxzx.web.controller.system.SysMenuController.remove()', 'DELETE', 1, 'admin', NULL, '/system/menu/2014', '127.0.0.1', '内网IP', '{menuId=2014}', '{\"msg\":\"操作成功\",\"code\":200}', 0, NULL, '2021-09-03 11:14:34');
INSERT INTO `sys_oper_log` VALUES (268, '菜单管理', 3, 'com.jzsjcdlxxzx.web.controller.system.SysMenuController.remove()', 'DELETE', 1, 'admin', NULL, '/system/menu/2015', '127.0.0.1', '内网IP', '{menuId=2015}', '{\"msg\":\"操作成功\",\"code\":200}', 0, NULL, '2021-09-03 11:14:37');
INSERT INTO `sys_oper_log` VALUES (269, '菜单管理', 3, 'com.jzsjcdlxxzx.web.controller.system.SysMenuController.remove()', 'DELETE', 1, 'admin', NULL, '/system/menu/2016', '127.0.0.1', '内网IP', '{menuId=2016}', '{\"msg\":\"操作成功\",\"code\":200}', 0, NULL, '2021-09-03 11:14:40');
INSERT INTO `sys_oper_log` VALUES (270, '菜单管理', 3, 'com.jzsjcdlxxzx.web.controller.system.SysMenuController.remove()', 'DELETE', 1, 'admin', NULL, '/system/menu/2017', '127.0.0.1', '内网IP', '{menuId=2017}', '{\"msg\":\"操作成功\",\"code\":200}', 0, NULL, '2021-09-03 11:14:43');
INSERT INTO `sys_oper_log` VALUES (271, '菜单管理', 3, 'com.jzsjcdlxxzx.web.controller.system.SysMenuController.remove()', 'DELETE', 1, 'admin', NULL, '/system/menu/2018', '127.0.0.1', '内网IP', '{menuId=2018}', '{\"msg\":\"操作成功\",\"code\":200}', 0, NULL, '2021-09-03 11:14:46');
INSERT INTO `sys_oper_log` VALUES (272, '菜单管理', 3, 'com.jzsjcdlxxzx.web.controller.system.SysMenuController.remove()', 'DELETE', 1, 'admin', NULL, '/system/menu/2013', '127.0.0.1', '内网IP', '{menuId=2013}', '{\"msg\":\"操作成功\",\"code\":200}', 0, NULL, '2021-09-03 11:14:50');
INSERT INTO `sys_oper_log` VALUES (273, '代码生成', 2, 'com.jzsjcdlxxzx.generator.controller.GenController.editSave()', 'PUT', 1, 'admin', NULL, '/tool/gen', '127.0.0.1', '内网IP', '{\"functionAuthor\":\"jzsjcdlxxzx\",\"columns\":[{\"usableColumn\":false,\"columnId\":47,\"isIncrement\":\"1\",\"increment\":true,\"insert\":true,\"dictType\":\"\",\"required\":false,\"superColumn\":false,\"updateBy\":\"\",\"isInsert\":\"1\",\"javaField\":\"id\",\"htmlType\":\"input\",\"edit\":false,\"query\":false,\"columnComment\":\"主键\",\"updateTime\":1630638673000,\"sort\":1,\"list\":false,\"params\":{},\"javaType\":\"Long\",\"queryType\":\"EQ\",\"columnType\":\"bigint(20)\",\"createBy\":\"admin\",\"isPk\":\"1\",\"createTime\":1630636531000,\"tableId\":9,\"pk\":true,\"columnName\":\"id\"},{\"usableColumn\":false,\"columnId\":48,\"isIncrement\":\"0\",\"increment\":false,\"insert\":true,\"isList\":\"1\",\"dictType\":\"zhsc_xq\",\"required\":false,\"superColumn\":false,\"updateBy\":\"\",\"isInsert\":\"1\",\"javaField\":\"xq\",\"htmlType\":\"select\",\"edit\":true,\"query\":true,\"columnComment\":\"辖区\",\"isQuery\":\"1\",\"updateTime\":1630638673000,\"sort\":2,\"list\":true,\"params\":{},\"javaType\":\"String\",\"queryType\":\"EQ\",\"columnType\":\"varchar(1)\",\"createBy\":\"admin\",\"isPk\":\"0\",\"createTime\":1630636531000,\"isEdit\":\"1\",\"tableId\":9,\"pk\":false,\"columnName\":\"xq\"},{\"usableColumn\":false,\"columnId\":49,\"isIncrement\":\"0\",\"increment\":false,\"insert\":true,\"isList\":\"1\",\"dictType\":\"zhsc_zb\",\"required\":false,\"superColumn\":false,\"updateBy\":\"\",\"isInsert\":\"1\",\"javaField\":\"zb\",\"htmlType\":\"select\",\"edit\":true,\"query\":true,\"columnComment\":\"组别\",\"isQuery\":\"1\",\"updateTime\":1630638673000,\"sort\":3,\"list\":true,\"params\":{},\"javaType\":\"String\",\"queryType\":\"EQ\",\"columnType\":\"varchar(1)\",\"createBy\":\"admin\",\"isPk\":\"0\",\"createTime\":1630636531000,\"isEdit\":\"1\",\"tableId\":9,\"pk\":false,\"columnName\":\"zb\"},{\"usableColumn\":false,\"columnId\":50,\"isIncrement\":\"0\",\"increment\":false,\"insert\":true,\"isList\":\"1\",\"dictType\":\"\",\"required\":false,\"superColumn\":false,\"updateBy\":\"\",\"isInsert\":\"1\",\"javaField\":\"ytdsyqr\",\"htmlType\":\"input\",\"edit\":true,\"query\":true,\"columnComment\":\"原土地使用权人\",\"isQuery\":\"1\",\"updateTime\":1630638673000,\"sort\":4,\"list\":true,\"params\":{},\"javaType\":\"String\",\"queryType\":\"EQ\",\"columnType\":\"varchar(50)\",\"createBy\":\"admin\",\"isPk\":\"0\",\"createTime\":', '{\"msg\":\"操作成功\",\"code\":200}', 0, NULL, '2021-09-03 11:15:47');
INSERT INTO `sys_oper_log` VALUES (274, '代码生成', 8, 'com.jzsjcdlxxzx.generator.controller.GenController.batchGenCode()', 'GET', 1, 'admin', NULL, '/tool/gen/batchGenCode', '127.0.0.1', '内网IP', '{}', 'null', 0, NULL, '2021-09-03 11:15:55');
INSERT INTO `sys_oper_log` VALUES (275, '角色管理', 2, 'com.jzsjcdlxxzx.web.controller.system.SysRoleController.dataScope()', 'PUT', 1, 'admin', NULL, '/system/role/dataScope', '127.0.0.1', '内网IP', '{\"flag\":false,\"roleId\":1,\"admin\":true,\"remark\":\"超级管理员\",\"dataScope\":\"1\",\"delFlag\":\"0\",\"params\":{},\"roleSort\":\"1\",\"deptCheckStrictly\":true,\"createTime\":1603348024000,\"menuCheckStrictly\":true,\"roleKey\":\"admin\",\"roleName\":\"超级管理员\",\"deptIds\":[],\"status\":\"0\"}', 'null', 1, '不允许操作超级管理员角色', '2021-09-03 11:23:50');
INSERT INTO `sys_oper_log` VALUES (276, '角色管理', 2, 'com.jzsjcdlxxzx.web.controller.system.SysRoleController.edit()', 'PUT', 1, 'admin', NULL, '/system/role', '127.0.0.1', '内网IP', '{\"flag\":false,\"roleId\":1,\"admin\":true,\"remark\":\"超级管理员\",\"dataScope\":\"1\",\"delFlag\":\"0\",\"params\":{},\"roleSort\":\"1\",\"deptCheckStrictly\":true,\"createTime\":1603348024000,\"menuCheckStrictly\":true,\"roleKey\":\"admin\",\"roleName\":\"超级管理员\",\"menuIds\":[1,100,1001,1002,1003,1004,1005,1006,1007,101,1008,1009,1010,1011,1012,102,1013,1014,1015,1016,103,1017,1018,1019,1020,104,1021,1022,1023,1024,1025,105,1026,1027,1028,1029,1030,106,1031,1032,1033,1034,1035,107,1036,1037,1038,1039,108,500,1040,1041,1042,501,1043,1044,1045,2,109,1046,1047,1048,110,1049,1050,1051,1052,1053,1054,111,112,3,113,114,1055,1056,1058,1057,1059,1060,115,4,5,1901,2008,2000,2001,2002,2003,2004,2005,2006,2007,2009,2010,2011,2019,2020,2021,2022,2023,2024],\"status\":\"0\"}', 'null', 1, '不允许操作超级管理员角色', '2021-09-03 11:24:03');
INSERT INTO `sys_oper_log` VALUES (277, '代码生成', 2, 'com.jzsjcdlxxzx.generator.controller.GenController.editSave()', 'PUT', 1, 'admin', NULL, '/tool/gen', '127.0.0.1', '内网IP', '{\"functionAuthor\":\"jzsjcdlxxzx\",\"columns\":[{\"usableColumn\":false,\"columnId\":47,\"isIncrement\":\"1\",\"increment\":true,\"insert\":true,\"dictType\":\"\",\"required\":false,\"superColumn\":false,\"updateBy\":\"\",\"isInsert\":\"1\",\"javaField\":\"id\",\"htmlType\":\"input\",\"edit\":false,\"query\":false,\"columnComment\":\"主键\",\"updateTime\":1630638947000,\"sort\":1,\"list\":false,\"params\":{},\"javaType\":\"Long\",\"queryType\":\"EQ\",\"columnType\":\"bigint(20)\",\"createBy\":\"admin\",\"isPk\":\"1\",\"createTime\":1630636531000,\"tableId\":9,\"pk\":true,\"columnName\":\"id\"},{\"usableColumn\":false,\"columnId\":48,\"isIncrement\":\"0\",\"increment\":false,\"insert\":true,\"isList\":\"1\",\"dictType\":\"zhsc_xq\",\"required\":false,\"superColumn\":false,\"updateBy\":\"\",\"isInsert\":\"1\",\"javaField\":\"xq\",\"htmlType\":\"select\",\"edit\":true,\"query\":true,\"columnComment\":\"辖区\",\"isQuery\":\"1\",\"updateTime\":1630638947000,\"sort\":2,\"list\":true,\"params\":{},\"javaType\":\"String\",\"queryType\":\"EQ\",\"columnType\":\"varchar(1)\",\"createBy\":\"admin\",\"isPk\":\"0\",\"createTime\":1630636531000,\"isEdit\":\"1\",\"tableId\":9,\"pk\":false,\"columnName\":\"xq\"},{\"usableColumn\":false,\"columnId\":49,\"isIncrement\":\"0\",\"increment\":false,\"insert\":true,\"isList\":\"1\",\"dictType\":\"zhsc_zb\",\"required\":false,\"superColumn\":false,\"updateBy\":\"\",\"isInsert\":\"1\",\"javaField\":\"zb\",\"htmlType\":\"select\",\"edit\":true,\"query\":true,\"columnComment\":\"组别\",\"isQuery\":\"1\",\"updateTime\":1630638947000,\"sort\":3,\"list\":true,\"params\":{},\"javaType\":\"String\",\"queryType\":\"EQ\",\"columnType\":\"varchar(1)\",\"createBy\":\"admin\",\"isPk\":\"0\",\"createTime\":1630636531000,\"isEdit\":\"1\",\"tableId\":9,\"pk\":false,\"columnName\":\"zb\"},{\"usableColumn\":false,\"columnId\":50,\"isIncrement\":\"0\",\"increment\":false,\"insert\":true,\"isList\":\"1\",\"dictType\":\"\",\"required\":false,\"superColumn\":false,\"updateBy\":\"\",\"isInsert\":\"1\",\"javaField\":\"ytdsyqr\",\"htmlType\":\"input\",\"edit\":true,\"query\":true,\"columnComment\":\"原土地使用权人\",\"isQuery\":\"1\",\"updateTime\":1630638947000,\"sort\":4,\"list\":true,\"params\":{},\"javaType\":\"String\",\"queryType\":\"EQ\",\"columnType\":\"varchar(50)\",\"createBy\":\"admin\",\"isPk\":\"0\",\"createTime\":', '{\"msg\":\"操作成功\",\"code\":200}', 0, NULL, '2021-09-03 15:06:56');
INSERT INTO `sys_oper_log` VALUES (278, '代码生成', 8, 'com.jzsjcdlxxzx.generator.controller.GenController.batchGenCode()', 'GET', 1, 'admin', NULL, '/tool/gen/batchGenCode', '127.0.0.1', '内网IP', '{}', 'null', 0, NULL, '2021-09-03 15:07:00');
INSERT INTO `sys_oper_log` VALUES (279, '在线用户', 7, 'com.jzsjcdlxxzx.web.controller.monitor.SysUserOnlineController.forceLogout()', 'DELETE', 1, NULL, NULL, '/monitor/online/6b6b252b-7643-4680-b8a6-8c591aa085d2', '127.0.0.1', '内网IP', '{tokenId=6b6b252b-7643-4680-b8a6-8c591aa085d2}', '{\"msg\":\"操作成功\",\"code\":200}', 0, NULL, '2021-09-03 15:22:32');
INSERT INTO `sys_oper_log` VALUES (280, '角色管理', 2, 'com.jzsjcdlxxzx.web.controller.system.SysRoleController.dataScope()', 'PUT', 1, 'admin', NULL, '/system/role/dataScope', '127.0.0.1', '内网IP', '{\"flag\":false,\"roleId\":102,\"admin\":false,\"dataScope\":\"4\",\"delFlag\":\"0\",\"params\":{},\"roleSort\":\"201\",\"deptCheckStrictly\":true,\"createTime\":1629799311000,\"menuCheckStrictly\":true,\"roleKey\":\"sczxld\",\"roleName\":\"收储中心领导\",\"deptIds\":[],\"status\":\"0\"}', '{\"msg\":\"操作成功\",\"code\":200}', 0, NULL, '2021-09-03 15:23:24');
INSERT INTO `sys_oper_log` VALUES (281, '工作台账', 5, 'com.jzsjcdlxxzx.zhsc.controller.ZhscGztzController.export()', 'GET', 1, 'admin', NULL, '/zhsc/gztz/export', '127.0.0.1', '内网IP', '{}', '{\"msg\":\"cf430970-db43-49b3-85a3-a53b20f61c02_gztz.xlsx\",\"code\":200}', 0, NULL, '2021-09-03 18:09:10');
INSERT INTO `sys_oper_log` VALUES (282, '用户管理', 2, 'com.jzsjcdlxxzx.web.controller.system.SysUserController.resetPwd()', 'PUT', 1, 'admin', NULL, '/system/user/resetPwd', '127.0.0.1', '内网IP', '{\"admin\":false,\"password\":\"$2a$10$LoeAcNNN5ScGJZ.1BG03nuW.WvAlwj.pBEHzIhBNqgOPJ3KN0QQFG\",\"updateBy\":\"admin\",\"params\":{},\"userId\":106}', '{\"msg\":\"操作成功\",\"code\":200}', 0, NULL, '2021-09-03 18:25:09');
INSERT INTO `sys_oper_log` VALUES (283, '角色管理', 2, 'com.jzsjcdlxxzx.web.controller.system.SysRoleController.edit()', 'PUT', 1, 'admin', NULL, '/system/role', '127.0.0.1', '内网IP', '{\"flag\":false,\"roleId\":102,\"admin\":false,\"dataScope\":\"4\",\"delFlag\":\"0\",\"params\":{},\"roleSort\":\"201\",\"deptCheckStrictly\":true,\"createTime\":1629799311000,\"updateBy\":\"admin\",\"menuCheckStrictly\":true,\"roleKey\":\"sczxld\",\"roleName\":\"收储中心领导\",\"menuIds\":[2008,2000,2001,2002,2003,2004,2005,2006,2007,2009,2010,2011,2025,2026,2027,2028,2029,2030],\"status\":\"0\"}', '{\"msg\":\"操作成功\",\"code\":200}', 0, NULL, '2021-09-03 18:26:13');
INSERT INTO `sys_oper_log` VALUES (284, '角色管理', 2, 'com.jzsjcdlxxzx.web.controller.system.SysRoleController.dataScope()', 'PUT', 1, 'admin', NULL, '/system/role/dataScope', '127.0.0.1', '内网IP', '{\"flag\":false,\"roleId\":102,\"admin\":false,\"dataScope\":\"4\",\"delFlag\":\"0\",\"params\":{},\"roleSort\":\"201\",\"deptCheckStrictly\":true,\"createTime\":1629799311000,\"menuCheckStrictly\":true,\"roleKey\":\"sczxld\",\"roleName\":\"收储中心领导\",\"deptIds\":[],\"status\":\"0\"}', '{\"msg\":\"操作成功\",\"code\":200}', 0, NULL, '2021-09-03 18:27:42');
INSERT INTO `sys_oper_log` VALUES (285, '角色管理', 2, 'com.jzsjcdlxxzx.web.controller.system.SysRoleController.edit()', 'PUT', 1, 'admin', NULL, '/system/role', '127.0.0.1', '内网IP', '{\"flag\":false,\"roleId\":101,\"admin\":false,\"dataScope\":\"1\",\"delFlag\":\"0\",\"params\":{},\"roleSort\":\"200\",\"deptCheckStrictly\":true,\"createTime\":1629799288000,\"updateBy\":\"admin\",\"menuCheckStrictly\":true,\"roleKey\":\"dxzxld\",\"roleName\":\"地信中心领导\",\"menuIds\":[2011,2025,2026,2027,2028,2029,2030],\"status\":\"0\"}', '{\"msg\":\"操作成功\",\"code\":200}', 0, NULL, '2021-09-03 18:27:54');
INSERT INTO `sys_oper_log` VALUES (286, '角色管理', 2, 'com.jzsjcdlxxzx.web.controller.system.SysRoleController.edit()', 'PUT', 1, 'admin', NULL, '/system/role', '127.0.0.1', '内网IP', '{\"flag\":false,\"roleId\":101,\"admin\":false,\"dataScope\":\"1\",\"delFlag\":\"0\",\"params\":{},\"roleSort\":\"200\",\"deptCheckStrictly\":true,\"createTime\":1629799288000,\"updateBy\":\"admin\",\"menuCheckStrictly\":true,\"roleKey\":\"dxzxld\",\"roleName\":\"地信中心领导\",\"menuIds\":[1,100,1001,1002,1003,1004,1005,1006,1007,101,1008,1009,1010,1011,1012,102,1013,1014,1015,1016,103,1017,1018,1019,1020,104,1021,1022,1023,1024,1025,105,1026,1027,1028,1029,1030,106,1031,1032,1033,1034,1035,107,1036,1037,1038,1039,108,500,1040,1041,1042,501,1043,1044,1045,2,109,1046,1047,1048,110,1049,1050,1051,1052,1053,1054,111,112,3,113,114,1055,1056,1058,1057,1059,1060,115,4,5,1901,2008,2000,2001,2002,2003,2004,2005,2006,2007,2009,2010,2011,2025,2026,2027,2028,2029,2030],\"status\":\"0\"}', '{\"msg\":\"操作成功\",\"code\":200}', 0, NULL, '2021-09-03 18:28:11');
INSERT INTO `sys_oper_log` VALUES (287, '岗位管理', 1, 'com.jzsjcdlxxzx.web.controller.system.SysPostController.add()', 'POST', 1, 'admin', NULL, '/system/post', '127.0.0.1', '内网IP', '{\"postSort\":\"7\",\"flag\":false,\"postId\":7,\"params\":{},\"createBy\":\"admin\",\"postName\":\"收储一组\",\"postCode\":\"scyz\",\"status\":\"0\"}', '{\"msg\":\"操作成功\",\"code\":200}', 0, NULL, '2021-09-03 18:31:54');
INSERT INTO `sys_oper_log` VALUES (288, '岗位管理', 2, 'com.jzsjcdlxxzx.web.controller.system.SysPostController.edit()', 'PUT', 1, 'admin', NULL, '/system/post', '127.0.0.1', '内网IP', '{\"postSort\":\"202\",\"flag\":false,\"postId\":7,\"params\":{},\"createBy\":\"admin\",\"createTime\":1630665114000,\"updateBy\":\"admin\",\"postName\":\"收储一组\",\"postCode\":\"scyz\",\"status\":\"0\"}', '{\"msg\":\"操作成功\",\"code\":200}', 0, NULL, '2021-09-03 18:32:02');
INSERT INTO `sys_oper_log` VALUES (289, '角色管理', 1, 'com.jzsjcdlxxzx.web.controller.system.SysRoleController.add()', 'POST', 1, 'admin', NULL, '/system/role', '127.0.0.1', '内网IP', '{\"flag\":false,\"roleId\":103,\"admin\":false,\"params\":{},\"roleSort\":\"202\",\"deptCheckStrictly\":true,\"createBy\":\"admin\",\"menuCheckStrictly\":true,\"roleKey\":\"scyz\",\"roleName\":\"收储一组\",\"deptIds\":[],\"menuIds\":[2011,2025,2026,2027,2028,2029,2030],\"status\":\"0\"}', '{\"msg\":\"操作成功\",\"code\":200}', 0, NULL, '2021-09-03 18:33:55');
INSERT INTO `sys_oper_log` VALUES (290, '角色管理', 2, 'com.jzsjcdlxxzx.web.controller.system.SysRoleController.dataScope()', 'PUT', 1, 'admin', NULL, '/system/role/dataScope', '127.0.0.1', '内网IP', '{\"flag\":false,\"roleId\":103,\"admin\":false,\"dataScope\":\"5\",\"delFlag\":\"0\",\"params\":{},\"roleSort\":\"202\",\"deptCheckStrictly\":true,\"createTime\":1630665235000,\"menuCheckStrictly\":true,\"roleKey\":\"scyz\",\"roleName\":\"收储一组\",\"deptIds\":[],\"status\":\"0\"}', '{\"msg\":\"操作成功\",\"code\":200}', 0, NULL, '2021-09-03 18:34:04');
INSERT INTO `sys_oper_log` VALUES (291, '角色管理', 2, 'com.jzsjcdlxxzx.web.controller.system.SysRoleController.dataScope()', 'PUT', 1, 'admin', NULL, '/system/role/dataScope', '127.0.0.1', '内网IP', '{\"flag\":false,\"roleId\":103,\"admin\":false,\"dataScope\":\"5\",\"delFlag\":\"0\",\"params\":{},\"roleSort\":\"202\",\"deptCheckStrictly\":true,\"createTime\":1630665235000,\"menuCheckStrictly\":true,\"roleKey\":\"scyz\",\"roleName\":\"收储一组\",\"deptIds\":[],\"status\":\"0\"}', '{\"msg\":\"操作成功\",\"code\":200}', 0, NULL, '2021-09-03 18:34:13');
INSERT INTO `sys_oper_log` VALUES (292, '用户管理', 1, 'com.jzsjcdlxxzx.web.controller.system.SysUserController.add()', 'POST', 1, 'admin', NULL, '/system/user', '127.0.0.1', '内网IP', '{\"phonenumber\":\"15833333333\",\"admin\":false,\"password\":\"$2a$10$JTPpAECdDbUyOKkaquOf0uM2R8aSxvtiRMDvBesVsYY78pfa2lquO\",\"postIds\":[7],\"email\":\"szyz@qq.com\",\"nickName\":\"收储一组\",\"sex\":\"0\",\"deptId\":201,\"params\":{},\"userName\":\"scyz\",\"userId\":107,\"createBy\":\"admin\",\"roleIds\":[103],\"status\":\"0\"}', '{\"msg\":\"操作成功\",\"code\":200}', 0, NULL, '2021-09-03 18:35:02');
INSERT INTO `sys_oper_log` VALUES (293, '代码生成', 6, 'com.jzsjcdlxxzx.generator.controller.GenController.importTableSave()', 'POST', 1, 'admin', NULL, '/tool/gen/importTable', '127.0.0.1', '内网IP', 'zhsc_land', '{\"msg\":\"操作成功\",\"code\":200}', 0, NULL, '2021-09-05 14:20:11');
INSERT INTO `sys_oper_log` VALUES (294, '代码生成', 2, 'com.jzsjcdlxxzx.generator.controller.GenController.editSave()', 'PUT', 1, 'admin', NULL, '/tool/gen', '127.0.0.1', '内网IP', '{\"functionAuthor\":\"jzsjcdlxxzx\",\"columns\":[{\"usableColumn\":false,\"columnId\":75,\"isIncrement\":\"1\",\"increment\":true,\"insert\":true,\"dictType\":\"\",\"required\":false,\"superColumn\":false,\"updateBy\":\"\",\"isInsert\":\"1\",\"javaField\":\"id\",\"htmlType\":\"input\",\"edit\":false,\"query\":false,\"columnComment\":\"序号\",\"sort\":1,\"list\":false,\"params\":{},\"javaType\":\"Long\",\"queryType\":\"EQ\",\"columnType\":\"bigint(20)\",\"createBy\":\"admin\",\"isPk\":\"1\",\"createTime\":1630822811000,\"tableId\":10,\"pk\":true,\"columnName\":\"id\"},{\"usableColumn\":false,\"columnId\":76,\"isIncrement\":\"0\",\"increment\":false,\"insert\":true,\"isList\":\"1\",\"dictType\":\"\",\"required\":false,\"superColumn\":false,\"updateBy\":\"\",\"isInsert\":\"1\",\"javaField\":\"dkbh\",\"htmlType\":\"input\",\"edit\":true,\"query\":true,\"columnComment\":\"地块编号\",\"isQuery\":\"1\",\"sort\":2,\"list\":true,\"params\":{},\"javaType\":\"String\",\"queryType\":\"EQ\",\"columnType\":\"varchar(28)\",\"createBy\":\"admin\",\"isPk\":\"0\",\"createTime\":1630822811000,\"isEdit\":\"1\",\"tableId\":10,\"pk\":false,\"columnName\":\"dkbh\"},{\"usableColumn\":false,\"columnId\":77,\"isIncrement\":\"0\",\"increment\":false,\"insert\":true,\"isList\":\"1\",\"dictType\":\"\",\"required\":false,\"superColumn\":false,\"updateBy\":\"\",\"isInsert\":\"1\",\"javaField\":\"xzqh\",\"htmlType\":\"input\",\"edit\":true,\"query\":true,\"columnComment\":\"行政区划\",\"isQuery\":\"1\",\"sort\":3,\"list\":true,\"params\":{},\"javaType\":\"String\",\"queryType\":\"EQ\",\"columnType\":\"varchar(10)\",\"createBy\":\"admin\",\"isPk\":\"0\",\"createTime\":1630822811000,\"isEdit\":\"1\",\"tableId\":10,\"pk\":false,\"columnName\":\"xzqh\"},{\"usableColumn\":false,\"columnId\":78,\"isIncrement\":\"0\",\"increment\":false,\"insert\":true,\"isList\":\"1\",\"dictType\":\"\",\"required\":false,\"superColumn\":false,\"updateBy\":\"\",\"isInsert\":\"1\",\"javaField\":\"dkmj\",\"htmlType\":\"input\",\"edit\":true,\"query\":true,\"columnComment\":\"地块面积(亩)\",\"isQuery\":\"1\",\"sort\":4,\"list\":true,\"params\":{},\"javaType\":\"Long\",\"queryType\":\"EQ\",\"columnType\":\"float\",\"createBy\":\"admin\",\"isPk\":\"0\",\"createTime\":1630822811000,\"isEdit\":\"1\",\"tableId\":10,\"pk\":false,\"columnName\":\"dkmj\"},{\"usableColumn\":false,\"columnId\":79,\"isIncreme', '{\"msg\":\"操作成功\",\"code\":200}', 0, NULL, '2021-09-05 14:24:27');
INSERT INTO `sys_oper_log` VALUES (295, '代码生成', 8, 'com.jzsjcdlxxzx.generator.controller.GenController.batchGenCode()', 'GET', 1, 'admin', NULL, '/tool/gen/batchGenCode', '127.0.0.1', '内网IP', '{}', 'null', 0, NULL, '2021-09-05 14:24:32');
INSERT INTO `sys_oper_log` VALUES (296, '代码生成', 2, 'com.jzsjcdlxxzx.generator.controller.GenController.editSave()', 'PUT', 1, 'admin', NULL, '/tool/gen', '127.0.0.1', '内网IP', '{\"functionAuthor\":\"jzsjcdlxxzx\",\"columns\":[{\"usableColumn\":false,\"columnId\":75,\"isIncrement\":\"1\",\"increment\":true,\"insert\":true,\"dictType\":\"\",\"required\":false,\"superColumn\":false,\"updateBy\":\"\",\"isInsert\":\"1\",\"javaField\":\"id\",\"htmlType\":\"input\",\"edit\":false,\"query\":false,\"columnComment\":\"序号\",\"updateTime\":1630823067000,\"sort\":1,\"list\":false,\"params\":{},\"javaType\":\"Long\",\"queryType\":\"EQ\",\"columnType\":\"bigint(20)\",\"createBy\":\"admin\",\"isPk\":\"1\",\"createTime\":1630822811000,\"tableId\":10,\"pk\":true,\"columnName\":\"id\"},{\"usableColumn\":false,\"columnId\":76,\"isIncrement\":\"0\",\"increment\":false,\"insert\":true,\"isList\":\"1\",\"dictType\":\"\",\"required\":false,\"superColumn\":false,\"updateBy\":\"\",\"isInsert\":\"1\",\"javaField\":\"dkbh\",\"htmlType\":\"input\",\"edit\":true,\"query\":true,\"columnComment\":\"地块编号\",\"isQuery\":\"1\",\"updateTime\":1630823067000,\"sort\":2,\"list\":true,\"params\":{},\"javaType\":\"String\",\"queryType\":\"EQ\",\"columnType\":\"varchar(28)\",\"createBy\":\"admin\",\"isPk\":\"0\",\"createTime\":1630822811000,\"isEdit\":\"1\",\"tableId\":10,\"pk\":false,\"columnName\":\"dkbh\"},{\"usableColumn\":false,\"columnId\":77,\"isIncrement\":\"0\",\"increment\":false,\"insert\":true,\"isList\":\"1\",\"dictType\":\"\",\"required\":false,\"superColumn\":false,\"updateBy\":\"\",\"isInsert\":\"1\",\"javaField\":\"xzqh\",\"htmlType\":\"input\",\"edit\":true,\"query\":true,\"columnComment\":\"行政区划\",\"isQuery\":\"1\",\"updateTime\":1630823067000,\"sort\":3,\"list\":true,\"params\":{},\"javaType\":\"String\",\"queryType\":\"EQ\",\"columnType\":\"varchar(10)\",\"createBy\":\"admin\",\"isPk\":\"0\",\"createTime\":1630822811000,\"isEdit\":\"1\",\"tableId\":10,\"pk\":false,\"columnName\":\"xzqh\"},{\"usableColumn\":false,\"columnId\":78,\"isIncrement\":\"0\",\"increment\":false,\"insert\":true,\"isList\":\"1\",\"dictType\":\"\",\"required\":false,\"superColumn\":false,\"updateBy\":\"\",\"isInsert\":\"1\",\"javaField\":\"dkmj\",\"htmlType\":\"input\",\"edit\":true,\"query\":true,\"columnComment\":\"地块面积(亩)\",\"isQuery\":\"1\",\"updateTime\":1630823067000,\"sort\":4,\"list\":true,\"params\":{},\"javaType\":\"Double\",\"queryType\":\"EQ\",\"columnType\":\"float\",\"createBy\":\"admin\",\"isPk\":\"0\",\"createTime\":16308228', '{\"msg\":\"操作成功\",\"code\":200}', 0, NULL, '2021-09-08 10:43:38');
INSERT INTO `sys_oper_log` VALUES (297, '代码生成', 8, 'com.jzsjcdlxxzx.generator.controller.GenController.batchGenCode()', 'GET', 1, 'admin', NULL, '/tool/gen/batchGenCode', '127.0.0.1', '内网IP', '{}', 'null', 0, NULL, '2021-09-08 10:43:47');
INSERT INTO `sys_oper_log` VALUES (298, '用户管理', 2, 'com.jzsjcdlxxzx.web.controller.system.SysUserController.resetPwd()', 'PUT', 1, 'admin', NULL, '/system/user/resetPwd', '127.0.0.1', '内网IP', '{\"admin\":false,\"password\":\"$2a$10$ci4qotkgescuyhFdIO2vaectbkCrdaPEWkA8L/OoQPKAgv9BRgHc.\",\"updateBy\":\"admin\",\"params\":{},\"userId\":105}', '{\"msg\":\"操作成功\",\"code\":200}', 0, NULL, '2021-09-10 16:44:37');
INSERT INTO `sys_oper_log` VALUES (299, '用户管理', 2, 'com.jzsjcdlxxzx.web.controller.system.SysUserController.resetPwd()', 'PUT', 1, 'admin', NULL, '/system/user/resetPwd', '127.0.0.1', '内网IP', '{\"admin\":false,\"password\":\"$2a$10$CYJhLqTdLf/IdY86.HP73ObD0vc6evFwSxSVs7VlTPu0xOMwCOYe2\",\"updateBy\":\"admin\",\"params\":{},\"userId\":106}', '{\"msg\":\"操作成功\",\"code\":200}', 0, NULL, '2021-09-10 16:44:42');
INSERT INTO `sys_oper_log` VALUES (300, '用户管理', 2, 'com.jzsjcdlxxzx.web.controller.system.SysUserController.resetPwd()', 'PUT', 1, 'admin', NULL, '/system/user/resetPwd', '127.0.0.1', '内网IP', '{\"admin\":false,\"password\":\"$2a$10$EKr8FqXaPBaaoxE7L/ShB.jWfrYOB/iy4UgmdSRFfnahkkK1SZxu6\",\"updateBy\":\"admin\",\"params\":{},\"userId\":107}', '{\"msg\":\"操作成功\",\"code\":200}', 0, NULL, '2021-09-10 16:44:47');
INSERT INTO `sys_oper_log` VALUES (301, '用户管理', 2, 'com.jzsjcdlxxzx.web.controller.system.SysUserController.edit()', 'PUT', 1, 'admin', NULL, '/system/user', '221.13.205.234', 'XX XX', '{\"roles\":[{\"flag\":false,\"roleId\":1,\"admin\":true,\"dataScope\":\"1\",\"params\":{},\"roleSort\":\"1\",\"deptCheckStrictly\":false,\"menuCheckStrictly\":false,\"roleKey\":\"admin\",\"roleName\":\"超级管理员\",\"status\":\"0\"}],\"phonenumber\":\"15888888888\",\"admin\":true,\"loginDate\":1603348024000,\"remark\":\"管理员\",\"delFlag\":\"0\",\"password\":\"\",\"postIds\":[1],\"loginIp\":\"127.0.0.1\",\"email\":\"ry@163.com\",\"nickName\":\"ry\",\"sex\":\"1\",\"deptId\":103,\"avatar\":\"/profile/avatar/2020/10/25/f2304bcb-a3ee-4471-bc33-4431ab80af5a.jpeg\",\"dept\":{\"deptName\":\"研发部门\",\"leader\":\"若依\",\"deptId\":103,\"orderNum\":\"1\",\"params\":{},\"parentId\":100,\"children\":[],\"status\":\"0\"},\"params\":{},\"userName\":\"admin\",\"userId\":1,\"createBy\":\"admin\",\"roleIds\":[1],\"createTime\":1603348024000,\"status\":\"0\"}', 'null', 1, '不允许操作超级管理员用户', '2021-09-15 10:42:01');
INSERT INTO `sys_oper_log` VALUES (302, '流程定义管理', 6, 'com.jzsjcdlxxzx.activiti.controller.ProcessDefinitionController.upload()', 'POST', 1, NULL, NULL, '/processDefinition/upload', '221.13.205.234', 'XX XX', '', '{\"msg\":\"操作成功\",\"code\":200,\"data\":\"/profile/upload/processDefinition/2021/09/15/e2f40a94-6d05-4804-88e6-721e52acc4da.bpmn\"}', 0, NULL, '2021-09-15 11:02:58');
INSERT INTO `sys_oper_log` VALUES (303, '流程定义管理', 6, 'com.jzsjcdlxxzx.activiti.controller.ProcessDefinitionController.upload()', 'POST', 1, NULL, NULL, '/processDefinition/upload', '221.13.205.234', 'XX XX', '', '{\"msg\":\"操作成功\",\"code\":200,\"data\":\"/profile/upload/processDefinition/2021/09/15/b4ac2b0a-be34-480d-a751-780869719046.bpmn\"}', 0, NULL, '2021-09-15 11:03:11');
INSERT INTO `sys_oper_log` VALUES (304, '代码生成', 3, 'com.jzsjcdlxxzx.generator.controller.GenController.remove()', 'DELETE', 1, 'admin', NULL, '/tool/gen/10', '221.13.205.234', 'XX XX', '{tableIds=10}', '{\"msg\":\"操作成功\",\"code\":200}', 0, NULL, '2021-09-18 15:27:25');
INSERT INTO `sys_oper_log` VALUES (305, '代码生成', 3, 'com.jzsjcdlxxzx.generator.controller.GenController.remove()', 'DELETE', 1, 'admin', NULL, '/tool/gen/7', '221.13.205.234', 'XX XX', '{tableIds=7}', '{\"msg\":\"操作成功\",\"code\":200}', 0, NULL, '2021-09-18 15:28:46');
INSERT INTO `sys_oper_log` VALUES (306, '代码生成', 6, 'com.jzsjcdlxxzx.generator.controller.GenController.importTableSave()', 'POST', 1, 'admin', NULL, '/tool/gen/importTable', '221.13.205.234', 'XX XX', 'sys_camera', '{\"msg\":\"操作成功\",\"code\":200}', 0, NULL, '2021-09-18 15:29:05');
INSERT INTO `sys_oper_log` VALUES (307, '代码生成', 2, 'com.jzsjcdlxxzx.generator.controller.GenController.editSave()', 'PUT', 1, 'admin', NULL, '/tool/gen', '221.13.205.234', 'XX XX', '{\"functionAuthor\":\"jzsjcdlxxzx\",\"columns\":[{\"usableColumn\":false,\"columnId\":83,\"isIncrement\":\"1\",\"increment\":true,\"insert\":true,\"dictType\":\"\",\"required\":false,\"superColumn\":false,\"updateBy\":\"\",\"isInsert\":\"1\",\"javaField\":\"cameraId\",\"htmlType\":\"input\",\"edit\":false,\"query\":false,\"columnComment\":\"监控ID\",\"sort\":1,\"list\":false,\"params\":{},\"javaType\":\"Long\",\"queryType\":\"EQ\",\"columnType\":\"bigint(20)\",\"createBy\":\"admin\",\"isPk\":\"1\",\"createTime\":1631950145000,\"tableId\":11,\"pk\":true,\"columnName\":\"camera_id\"},{\"usableColumn\":false,\"columnId\":84,\"isIncrement\":\"0\",\"increment\":false,\"insert\":true,\"isList\":\"1\",\"dictType\":\"\",\"required\":false,\"superColumn\":false,\"updateBy\":\"\",\"isInsert\":\"1\",\"javaField\":\"url\",\"htmlType\":\"input\",\"edit\":true,\"query\":true,\"columnComment\":\"视频源地址\",\"isQuery\":\"1\",\"sort\":2,\"list\":true,\"params\":{},\"javaType\":\"String\",\"queryType\":\"EQ\",\"columnType\":\"varchar(255)\",\"createBy\":\"admin\",\"isPk\":\"0\",\"createTime\":1631950145000,\"isEdit\":\"1\",\"tableId\":11,\"pk\":false,\"columnName\":\"url\"},{\"usableColumn\":false,\"columnId\":85,\"isIncrement\":\"0\",\"increment\":false,\"insert\":true,\"isList\":\"1\",\"dictType\":\"\",\"required\":false,\"superColumn\":false,\"updateBy\":\"\",\"isInsert\":\"1\",\"javaField\":\"flv\",\"htmlType\":\"input\",\"edit\":true,\"query\":true,\"columnComment\":\"是否开启flv\",\"isQuery\":\"1\",\"sort\":3,\"list\":true,\"params\":{},\"javaType\":\"Integer\",\"queryType\":\"EQ\",\"columnType\":\"int(1)\",\"createBy\":\"admin\",\"isPk\":\"0\",\"createTime\":1631950145000,\"isEdit\":\"1\",\"tableId\":11,\"pk\":false,\"columnName\":\"flv\"},{\"usableColumn\":false,\"columnId\":86,\"isIncrement\":\"0\",\"increment\":false,\"insert\":true,\"isList\":\"1\",\"dictType\":\"\",\"required\":false,\"superColumn\":false,\"updateBy\":\"\",\"isInsert\":\"1\",\"javaField\":\"hls\",\"htmlType\":\"input\",\"edit\":true,\"query\":true,\"columnComment\":\"是否开启hls\",\"isQuery\":\"1\",\"sort\":4,\"list\":true,\"params\":{},\"javaType\":\"Integer\",\"queryType\":\"EQ\",\"columnType\":\"int(1)\",\"createBy\":\"admin\",\"isPk\":\"0\",\"createTime\":1631950145000,\"isEdit\":\"1\",\"tableId\":11,\"pk\":false,\"columnName\":\"hls\"},{\"usableColumn\":false,\"columnId\"', '{\"msg\":\"操作成功\",\"code\":200}', 0, NULL, '2021-09-18 15:30:38');
INSERT INTO `sys_oper_log` VALUES (308, '字典类型', 1, 'com.jzsjcdlxxzx.web.controller.system.SysDictTypeController.add()', 'POST', 1, 'admin', NULL, '/system/dict/type', '221.13.205.234', 'XX XX', '{\"params\":{},\"dictType\":\"camera_mode\",\"createBy\":\"admin\",\"dictName\":\"拉流方式\",\"status\":\"0\"}', '{\"msg\":\"操作成功\",\"code\":200}', 0, NULL, '2021-09-18 15:32:12');
INSERT INTO `sys_oper_log` VALUES (309, '字典类型', 2, 'com.jzsjcdlxxzx.web.controller.system.SysDictTypeController.edit()', 'PUT', 1, 'admin', NULL, '/system/dict/type', '221.13.205.234', 'XX XX', '{\"remark\":\"opencv/ffmpeg\",\"dictId\":105,\"params\":{},\"dictType\":\"camera_mode\",\"createBy\":\"admin\",\"createTime\":1631950332000,\"updateBy\":\"admin\",\"dictName\":\"拉流方式\",\"status\":\"0\"}', '{\"msg\":\"操作成功\",\"code\":200}', 0, NULL, '2021-09-18 15:32:54');
INSERT INTO `sys_oper_log` VALUES (310, '字典类型', 1, 'com.jzsjcdlxxzx.web.controller.system.SysDictTypeController.add()', 'POST', 1, 'admin', NULL, '/system/dict/type', '221.13.205.234', 'XX XX', '{\"remark\":\"0网络流，1本地视频\",\"params\":{},\"dictType\":\"camera_type\",\"createBy\":\"admin\",\"dictName\":\"监控流类型\",\"status\":\"0\"}', '{\"msg\":\"操作成功\",\"code\":200}', 0, NULL, '2021-09-18 16:27:45');
INSERT INTO `sys_oper_log` VALUES (311, '菜单管理', 2, 'com.jzsjcdlxxzx.web.controller.system.SysMenuController.edit()', 'PUT', 1, 'admin', NULL, '/system/menu', '221.13.205.234', 'XX XX', '{\"visible\":\"0\",\"icon\":\"log\",\"orderNum\":\"10\",\"menuName\":\"日志管理\",\"params\":{},\"parentId\":1,\"isCache\":\"0\",\"path\":\"log\",\"component\":\"system/log/index\",\"children\":[],\"createTime\":1603348024000,\"updateBy\":\"admin\",\"isFrame\":\"1\",\"menuId\":108,\"menuType\":\"M\",\"perms\":\"\",\"status\":\"0\"}', '{\"msg\":\"操作成功\",\"code\":200}', 0, NULL, '2021-09-18 16:31:44');
INSERT INTO `sys_oper_log` VALUES (312, '菜单管理', 2, 'com.jzsjcdlxxzx.web.controller.system.SysMenuController.edit()', 'PUT', 1, 'admin', NULL, '/system/menu', '221.13.205.234', 'XX XX', '{\"visible\":\"0\",\"icon\":\"message\",\"orderNum\":\"9\",\"menuName\":\"通知公告\",\"params\":{},\"parentId\":1,\"isCache\":\"0\",\"path\":\"notice\",\"component\":\"system/notice/index\",\"children\":[],\"createTime\":1603348024000,\"updateBy\":\"admin\",\"isFrame\":\"1\",\"menuId\":107,\"menuType\":\"C\",\"perms\":\"system:notice:list\",\"status\":\"0\"}', '{\"msg\":\"操作成功\",\"code\":200}', 0, NULL, '2021-09-18 16:31:50');
INSERT INTO `sys_oper_log` VALUES (313, '菜单管理', 2, 'com.jzsjcdlxxzx.web.controller.system.SysMenuController.edit()', 'PUT', 1, 'admin', NULL, '/system/menu', '221.13.205.234', 'XX XX', '{\"visible\":\"0\",\"icon\":\"edit\",\"orderNum\":\"8\",\"menuName\":\"参数设置\",\"params\":{},\"parentId\":1,\"isCache\":\"0\",\"path\":\"config\",\"component\":\"system/config/index\",\"children\":[],\"createTime\":1603348024000,\"updateBy\":\"admin\",\"isFrame\":\"1\",\"menuId\":106,\"menuType\":\"C\",\"perms\":\"system:config:list\",\"status\":\"0\"}', '{\"msg\":\"操作成功\",\"code\":200}', 0, NULL, '2021-09-18 16:31:57');
INSERT INTO `sys_oper_log` VALUES (314, '代码生成', 3, 'com.jzsjcdlxxzx.generator.controller.GenController.remove()', 'DELETE', 1, 'admin', NULL, '/tool/gen/11', '221.13.205.234', 'XX XX', '{tableIds=11}', '{\"msg\":\"操作成功\",\"code\":200}', 0, NULL, '2021-09-18 16:32:29');
INSERT INTO `sys_oper_log` VALUES (315, '代码生成', 6, 'com.jzsjcdlxxzx.generator.controller.GenController.importTableSave()', 'POST', 1, 'admin', NULL, '/tool/gen/importTable', '221.13.205.234', 'XX XX', 'sys_dict_data,sys_camera', '{\"msg\":\"操作成功\",\"code\":200}', 0, NULL, '2021-09-18 16:32:56');
INSERT INTO `sys_oper_log` VALUES (316, '代码生成', 2, 'com.jzsjcdlxxzx.generator.controller.GenController.editSave()', 'PUT', 1, 'admin', NULL, '/tool/gen', '221.13.205.234', 'XX XX', '{\"functionAuthor\":\"jzsjcdlxxzx\",\"columns\":[{\"usableColumn\":false,\"columnId\":92,\"isIncrement\":\"1\",\"increment\":true,\"insert\":true,\"dictType\":\"\",\"required\":false,\"superColumn\":false,\"updateBy\":\"\",\"isInsert\":\"1\",\"javaField\":\"cameraId\",\"htmlType\":\"input\",\"edit\":false,\"query\":false,\"columnComment\":\"监控ID\",\"sort\":1,\"list\":false,\"params\":{},\"javaType\":\"Long\",\"queryType\":\"EQ\",\"columnType\":\"bigint(20)\",\"createBy\":\"admin\",\"isPk\":\"1\",\"createTime\":1631953976000,\"tableId\":12,\"pk\":true,\"columnName\":\"camera_id\"},{\"usableColumn\":false,\"columnId\":93,\"isIncrement\":\"0\",\"increment\":false,\"insert\":true,\"isList\":\"1\",\"dictType\":\"\",\"required\":false,\"superColumn\":false,\"updateBy\":\"\",\"isInsert\":\"1\",\"javaField\":\"url\",\"htmlType\":\"input\",\"edit\":true,\"query\":true,\"columnComment\":\"视频源地址\",\"isQuery\":\"1\",\"sort\":2,\"list\":true,\"params\":{},\"javaType\":\"String\",\"queryType\":\"EQ\",\"columnType\":\"varchar(255)\",\"createBy\":\"admin\",\"isPk\":\"0\",\"createTime\":1631953976000,\"isEdit\":\"1\",\"tableId\":12,\"pk\":false,\"columnName\":\"url\"},{\"usableColumn\":false,\"columnId\":94,\"isIncrement\":\"0\",\"increment\":false,\"insert\":true,\"isList\":\"1\",\"dictType\":\"sys_yes_no\",\"required\":false,\"superColumn\":false,\"updateBy\":\"\",\"isInsert\":\"1\",\"javaField\":\"flv\",\"htmlType\":\"radio\",\"edit\":true,\"query\":true,\"columnComment\":\"是否开启flv\",\"isQuery\":\"1\",\"sort\":3,\"list\":true,\"params\":{},\"javaType\":\"Integer\",\"queryType\":\"EQ\",\"columnType\":\"int(1)\",\"createBy\":\"admin\",\"isPk\":\"0\",\"createTime\":1631953976000,\"isEdit\":\"1\",\"tableId\":12,\"pk\":false,\"columnName\":\"flv\"},{\"usableColumn\":false,\"columnId\":95,\"isIncrement\":\"0\",\"increment\":false,\"insert\":true,\"isList\":\"1\",\"dictType\":\"sys_yes_no\",\"required\":false,\"superColumn\":false,\"updateBy\":\"\",\"isInsert\":\"1\",\"javaField\":\"hls\",\"htmlType\":\"radio\",\"edit\":true,\"query\":true,\"columnComment\":\"是否开启hls\",\"isQuery\":\"1\",\"sort\":4,\"list\":true,\"params\":{},\"javaType\":\"Integer\",\"queryType\":\"EQ\",\"columnType\":\"int(1)\",\"createBy\":\"admin\",\"isPk\":\"0\",\"createTime\":1631953976000,\"isEdit\":\"1\",\"tableId\":12,\"pk\":false,\"columnName\":\"hls\"},{\"usableColu', '{\"msg\":\"操作成功\",\"code\":200}', 0, NULL, '2021-09-18 16:37:05');
INSERT INTO `sys_oper_log` VALUES (317, '代码生成', 2, 'com.jzsjcdlxxzx.generator.controller.GenController.editSave()', 'PUT', 1, 'admin', NULL, '/tool/gen', '221.13.205.234', 'XX XX', '{\"functionAuthor\":\"jzsjcdlxxzx\",\"columns\":[{\"usableColumn\":false,\"columnId\":92,\"isIncrement\":\"1\",\"increment\":true,\"insert\":true,\"dictType\":\"\",\"required\":false,\"superColumn\":false,\"updateBy\":\"\",\"isInsert\":\"1\",\"javaField\":\"cameraId\",\"htmlType\":\"input\",\"edit\":false,\"query\":false,\"columnComment\":\"监控ID\",\"updateTime\":1631954225000,\"sort\":1,\"list\":false,\"params\":{},\"javaType\":\"Long\",\"queryType\":\"EQ\",\"columnType\":\"bigint(20)\",\"createBy\":\"admin\",\"isPk\":\"1\",\"createTime\":1631953976000,\"tableId\":12,\"pk\":true,\"columnName\":\"camera_id\"},{\"usableColumn\":false,\"columnId\":93,\"isIncrement\":\"0\",\"increment\":false,\"insert\":true,\"isList\":\"1\",\"dictType\":\"\",\"required\":false,\"superColumn\":false,\"updateBy\":\"\",\"isInsert\":\"1\",\"javaField\":\"url\",\"htmlType\":\"input\",\"edit\":true,\"query\":true,\"columnComment\":\"视频源地址\",\"isQuery\":\"1\",\"updateTime\":1631954225000,\"sort\":2,\"list\":true,\"params\":{},\"javaType\":\"String\",\"queryType\":\"EQ\",\"columnType\":\"varchar(255)\",\"createBy\":\"admin\",\"isPk\":\"0\",\"createTime\":1631953976000,\"isEdit\":\"1\",\"tableId\":12,\"pk\":false,\"columnName\":\"url\"},{\"usableColumn\":false,\"columnId\":94,\"isIncrement\":\"0\",\"increment\":false,\"insert\":true,\"isList\":\"1\",\"dictType\":\"sys_yes_no\",\"required\":false,\"superColumn\":false,\"updateBy\":\"\",\"isInsert\":\"1\",\"javaField\":\"flv\",\"htmlType\":\"radio\",\"edit\":true,\"query\":true,\"columnComment\":\"是否开启flv\",\"isQuery\":\"1\",\"updateTime\":1631954225000,\"sort\":3,\"list\":true,\"params\":{},\"javaType\":\"Integer\",\"queryType\":\"EQ\",\"columnType\":\"int(1)\",\"createBy\":\"admin\",\"isPk\":\"0\",\"createTime\":1631953976000,\"isEdit\":\"1\",\"tableId\":12,\"pk\":false,\"columnName\":\"flv\"},{\"usableColumn\":false,\"columnId\":95,\"isIncrement\":\"0\",\"increment\":false,\"insert\":true,\"isList\":\"1\",\"dictType\":\"sys_yes_no\",\"required\":false,\"superColumn\":false,\"updateBy\":\"\",\"isInsert\":\"1\",\"javaField\":\"hls\",\"htmlType\":\"radio\",\"edit\":true,\"query\":true,\"columnComment\":\"是否开启hls\",\"isQuery\":\"1\",\"updateTime\":1631954225000,\"sort\":4,\"list\":true,\"params\":{},\"javaType\":\"Integer\",\"queryType\":\"EQ\",\"columnType\":\"int(1)\",\"createBy\":\"admin\"', '{\"msg\":\"操作成功\",\"code\":200}', 0, NULL, '2021-09-18 16:37:43');
INSERT INTO `sys_oper_log` VALUES (318, '菜单管理', 1, 'com.jzsjcdlxxzx.web.controller.system.SysMenuController.add()', 'POST', 1, 'admin', NULL, '/system/menu', '221.13.205.234', 'XX XX', '{\"visible\":\"0\",\"icon\":\"eye-open\",\"orderNum\":\"9\",\"menuName\":\"视频监控\",\"params\":{},\"parentId\":0,\"isCache\":\"0\",\"path\":\"camera\",\"createBy\":\"admin\",\"children\":[],\"isFrame\":\"1\",\"menuType\":\"M\",\"status\":\"0\"}', '{\"msg\":\"操作成功\",\"code\":200}', 0, NULL, '2021-09-18 16:41:57');
INSERT INTO `sys_oper_log` VALUES (319, '代码生成', 2, 'com.jzsjcdlxxzx.generator.controller.GenController.editSave()', 'PUT', 1, 'admin', NULL, '/tool/gen', '221.13.205.234', 'XX XX', '{\"functionAuthor\":\"jzsjcdlxxzx\",\"columns\":[{\"usableColumn\":false,\"columnId\":92,\"isIncrement\":\"1\",\"increment\":true,\"insert\":true,\"dictType\":\"\",\"required\":false,\"superColumn\":false,\"updateBy\":\"\",\"isInsert\":\"1\",\"javaField\":\"cameraId\",\"htmlType\":\"input\",\"edit\":false,\"query\":false,\"columnComment\":\"监控ID\",\"updateTime\":1631954262000,\"sort\":1,\"list\":false,\"params\":{},\"javaType\":\"Long\",\"queryType\":\"EQ\",\"columnType\":\"bigint(20)\",\"createBy\":\"admin\",\"isPk\":\"1\",\"createTime\":1631953976000,\"tableId\":12,\"pk\":true,\"columnName\":\"camera_id\"},{\"usableColumn\":false,\"columnId\":93,\"isIncrement\":\"0\",\"increment\":false,\"insert\":true,\"isList\":\"1\",\"dictType\":\"\",\"required\":false,\"superColumn\":false,\"updateBy\":\"\",\"isInsert\":\"1\",\"javaField\":\"url\",\"htmlType\":\"input\",\"edit\":true,\"query\":true,\"columnComment\":\"视频源地址\",\"isQuery\":\"1\",\"updateTime\":1631954262000,\"sort\":2,\"list\":true,\"params\":{},\"javaType\":\"String\",\"queryType\":\"EQ\",\"columnType\":\"varchar(255)\",\"createBy\":\"admin\",\"isPk\":\"0\",\"createTime\":1631953976000,\"isEdit\":\"1\",\"tableId\":12,\"pk\":false,\"columnName\":\"url\"},{\"usableColumn\":false,\"columnId\":94,\"isIncrement\":\"0\",\"increment\":false,\"insert\":true,\"isList\":\"1\",\"dictType\":\"sys_yes_no\",\"required\":false,\"superColumn\":false,\"updateBy\":\"\",\"isInsert\":\"1\",\"javaField\":\"flv\",\"htmlType\":\"radio\",\"edit\":true,\"query\":true,\"columnComment\":\"是否开启flv\",\"isQuery\":\"1\",\"updateTime\":1631954262000,\"sort\":3,\"list\":true,\"params\":{},\"javaType\":\"Integer\",\"queryType\":\"EQ\",\"columnType\":\"int(1)\",\"createBy\":\"admin\",\"isPk\":\"0\",\"createTime\":1631953976000,\"isEdit\":\"1\",\"tableId\":12,\"pk\":false,\"columnName\":\"flv\"},{\"usableColumn\":false,\"columnId\":95,\"isIncrement\":\"0\",\"increment\":false,\"insert\":true,\"isList\":\"1\",\"dictType\":\"sys_yes_no\",\"required\":false,\"superColumn\":false,\"updateBy\":\"\",\"isInsert\":\"1\",\"javaField\":\"hls\",\"htmlType\":\"radio\",\"edit\":true,\"query\":true,\"columnComment\":\"是否开启hls\",\"isQuery\":\"1\",\"updateTime\":1631954263000,\"sort\":4,\"list\":true,\"params\":{},\"javaType\":\"Integer\",\"queryType\":\"EQ\",\"columnType\":\"int(1)\",\"createBy\":\"admin\"', '{\"msg\":\"操作成功\",\"code\":200}', 0, NULL, '2021-09-18 16:43:13');
INSERT INTO `sys_oper_log` VALUES (320, '代码生成', 2, 'com.jzsjcdlxxzx.generator.controller.GenController.editSave()', 'PUT', 1, 'admin', NULL, '/tool/gen', '221.13.205.234', 'XX XX', '{\"functionAuthor\":\"jzsjcdlxxzx\",\"columns\":[{\"usableColumn\":false,\"columnId\":92,\"isIncrement\":\"1\",\"increment\":true,\"insert\":true,\"dictType\":\"\",\"required\":false,\"superColumn\":false,\"updateBy\":\"\",\"isInsert\":\"1\",\"javaField\":\"cameraId\",\"htmlType\":\"input\",\"edit\":false,\"query\":false,\"columnComment\":\"监控ID\",\"updateTime\":1631954593000,\"sort\":1,\"list\":false,\"params\":{},\"javaType\":\"Long\",\"queryType\":\"EQ\",\"columnType\":\"bigint(20)\",\"createBy\":\"admin\",\"isPk\":\"1\",\"createTime\":1631953976000,\"tableId\":12,\"pk\":true,\"columnName\":\"camera_id\"},{\"usableColumn\":false,\"columnId\":93,\"isIncrement\":\"0\",\"increment\":false,\"insert\":true,\"isList\":\"1\",\"dictType\":\"\",\"required\":false,\"superColumn\":false,\"updateBy\":\"\",\"isInsert\":\"1\",\"javaField\":\"url\",\"htmlType\":\"input\",\"edit\":true,\"query\":true,\"columnComment\":\"视频源地址\",\"isQuery\":\"1\",\"updateTime\":1631954593000,\"sort\":2,\"list\":true,\"params\":{},\"javaType\":\"String\",\"queryType\":\"EQ\",\"columnType\":\"varchar(255)\",\"createBy\":\"admin\",\"isPk\":\"0\",\"createTime\":1631953976000,\"isEdit\":\"1\",\"tableId\":12,\"pk\":false,\"columnName\":\"url\"},{\"usableColumn\":false,\"columnId\":94,\"isIncrement\":\"0\",\"increment\":false,\"insert\":true,\"isList\":\"1\",\"dictType\":\"sys_yes_no\",\"required\":false,\"superColumn\":false,\"updateBy\":\"\",\"isInsert\":\"1\",\"javaField\":\"flv\",\"htmlType\":\"radio\",\"edit\":true,\"query\":true,\"columnComment\":\"是否开启flv\",\"isQuery\":\"1\",\"updateTime\":1631954593000,\"sort\":3,\"list\":true,\"params\":{},\"javaType\":\"Integer\",\"queryType\":\"EQ\",\"columnType\":\"int(1)\",\"createBy\":\"admin\",\"isPk\":\"0\",\"createTime\":1631953976000,\"isEdit\":\"1\",\"tableId\":12,\"pk\":false,\"columnName\":\"flv\"},{\"usableColumn\":false,\"columnId\":95,\"isIncrement\":\"0\",\"increment\":false,\"insert\":true,\"isList\":\"1\",\"dictType\":\"sys_yes_no\",\"required\":false,\"superColumn\":false,\"updateBy\":\"\",\"isInsert\":\"1\",\"javaField\":\"hls\",\"htmlType\":\"radio\",\"edit\":true,\"query\":true,\"columnComment\":\"是否开启hls\",\"isQuery\":\"1\",\"updateTime\":1631954593000,\"sort\":4,\"list\":true,\"params\":{},\"javaType\":\"Integer\",\"queryType\":\"EQ\",\"columnType\":\"int(1)\",\"createBy\":\"admin\"', '{\"msg\":\"操作成功\",\"code\":200}', 0, NULL, '2021-09-18 16:47:26');
INSERT INTO `sys_oper_log` VALUES (321, '代码生成', 2, 'com.jzsjcdlxxzx.generator.controller.GenController.editSave()', 'PUT', 1, 'admin', NULL, '/tool/gen', '221.13.205.234', 'XX XX', '{\"functionAuthor\":\"jzsjcdlxxzx\",\"columns\":[{\"usableColumn\":false,\"columnId\":101,\"isIncrement\":\"1\",\"increment\":true,\"insert\":true,\"dictType\":\"\",\"required\":false,\"superColumn\":false,\"updateBy\":\"\",\"isInsert\":\"1\",\"javaField\":\"dictCode\",\"htmlType\":\"input\",\"edit\":false,\"query\":false,\"columnComment\":\"字典编码\",\"sort\":1,\"list\":false,\"params\":{},\"javaType\":\"Long\",\"queryType\":\"EQ\",\"columnType\":\"bigint(20)\",\"createBy\":\"admin\",\"isPk\":\"1\",\"createTime\":1631953976000,\"tableId\":13,\"pk\":true,\"columnName\":\"dict_code\"},{\"usableColumn\":false,\"columnId\":102,\"isIncrement\":\"0\",\"increment\":false,\"insert\":true,\"isList\":\"1\",\"dictType\":\"\",\"required\":false,\"superColumn\":false,\"updateBy\":\"\",\"isInsert\":\"1\",\"javaField\":\"dictSort\",\"htmlType\":\"input\",\"edit\":true,\"query\":true,\"columnComment\":\"字典排序\",\"isQuery\":\"1\",\"sort\":2,\"list\":true,\"params\":{},\"javaType\":\"Integer\",\"queryType\":\"EQ\",\"columnType\":\"int(4)\",\"createBy\":\"admin\",\"isPk\":\"0\",\"createTime\":1631953976000,\"isEdit\":\"1\",\"tableId\":13,\"pk\":false,\"columnName\":\"dict_sort\"},{\"usableColumn\":false,\"columnId\":103,\"isIncrement\":\"0\",\"increment\":false,\"insert\":true,\"isList\":\"1\",\"dictType\":\"\",\"required\":false,\"superColumn\":false,\"updateBy\":\"\",\"isInsert\":\"1\",\"javaField\":\"dictLabel\",\"htmlType\":\"input\",\"edit\":true,\"query\":true,\"columnComment\":\"字典标签\",\"isQuery\":\"1\",\"sort\":3,\"list\":true,\"params\":{},\"javaType\":\"String\",\"queryType\":\"EQ\",\"columnType\":\"varchar(100)\",\"createBy\":\"admin\",\"isPk\":\"0\",\"createTime\":1631953976000,\"isEdit\":\"1\",\"tableId\":13,\"pk\":false,\"columnName\":\"dict_label\"},{\"usableColumn\":false,\"columnId\":104,\"isIncrement\":\"0\",\"increment\":false,\"insert\":true,\"isList\":\"1\",\"dictType\":\"\",\"required\":false,\"superColumn\":false,\"updateBy\":\"\",\"isInsert\":\"1\",\"javaField\":\"dictValue\",\"htmlType\":\"input\",\"edit\":true,\"query\":true,\"columnComment\":\"字典键值\",\"isQuery\":\"1\",\"sort\":4,\"list\":true,\"params\":{},\"javaType\":\"String\",\"queryType\":\"EQ\",\"columnType\":\"varchar(100)\",\"createBy\":\"admin\",\"isPk\":\"0\",\"createTime\":1631953976000,\"isEdit\":\"1\",\"tableId\":13,\"pk\":false,\"columnName\":\"dict_v', '{\"msg\":\"操作成功\",\"code\":200}', 0, NULL, '2021-09-18 16:51:26');
INSERT INTO `sys_oper_log` VALUES (322, '代码生成', 2, 'com.jzsjcdlxxzx.generator.controller.GenController.editSave()', 'PUT', 1, 'admin', NULL, '/tool/gen', '221.13.205.234', 'XX XX', '{\"functionAuthor\":\"jzsjcdlxxzx\",\"columns\":[{\"usableColumn\":false,\"columnId\":101,\"isIncrement\":\"1\",\"increment\":true,\"insert\":true,\"dictType\":\"\",\"required\":false,\"superColumn\":false,\"updateBy\":\"\",\"isInsert\":\"1\",\"javaField\":\"dictCode\",\"htmlType\":\"input\",\"edit\":false,\"query\":false,\"columnComment\":\"字典编码\",\"updateTime\":1631955086000,\"sort\":1,\"list\":false,\"params\":{},\"javaType\":\"Long\",\"queryType\":\"EQ\",\"columnType\":\"bigint(20)\",\"createBy\":\"admin\",\"isPk\":\"1\",\"createTime\":1631953976000,\"tableId\":13,\"pk\":true,\"columnName\":\"dict_code\"},{\"usableColumn\":false,\"columnId\":102,\"isIncrement\":\"0\",\"increment\":false,\"insert\":true,\"isList\":\"1\",\"dictType\":\"\",\"required\":false,\"superColumn\":false,\"updateBy\":\"\",\"isInsert\":\"1\",\"javaField\":\"dictSort\",\"htmlType\":\"input\",\"edit\":true,\"query\":true,\"columnComment\":\"字典排序\",\"isQuery\":\"1\",\"updateTime\":1631955086000,\"sort\":2,\"list\":true,\"params\":{},\"javaType\":\"Integer\",\"queryType\":\"EQ\",\"columnType\":\"int(4)\",\"createBy\":\"admin\",\"isPk\":\"0\",\"createTime\":1631953976000,\"isEdit\":\"1\",\"tableId\":13,\"pk\":false,\"columnName\":\"dict_sort\"},{\"usableColumn\":false,\"columnId\":103,\"isIncrement\":\"0\",\"increment\":false,\"insert\":true,\"isList\":\"1\",\"dictType\":\"\",\"required\":false,\"superColumn\":false,\"updateBy\":\"\",\"isInsert\":\"1\",\"javaField\":\"dictLabel\",\"htmlType\":\"input\",\"edit\":true,\"query\":true,\"columnComment\":\"字典标签\",\"isQuery\":\"1\",\"updateTime\":1631955086000,\"sort\":3,\"list\":true,\"params\":{},\"javaType\":\"String\",\"queryType\":\"EQ\",\"columnType\":\"varchar(100)\",\"createBy\":\"admin\",\"isPk\":\"0\",\"createTime\":1631953976000,\"isEdit\":\"1\",\"tableId\":13,\"pk\":false,\"columnName\":\"dict_label\"},{\"usableColumn\":false,\"columnId\":104,\"isIncrement\":\"0\",\"increment\":false,\"insert\":true,\"isList\":\"1\",\"dictType\":\"\",\"required\":false,\"superColumn\":false,\"updateBy\":\"\",\"isInsert\":\"1\",\"javaField\":\"dictValue\",\"htmlType\":\"input\",\"edit\":true,\"query\":true,\"columnComment\":\"字典键值\",\"isQuery\":\"1\",\"updateTime\":1631955086000,\"sort\":4,\"list\":true,\"params\":{},\"javaType\":\"String\",\"queryType\":\"EQ\",\"columnType\":\"varchar(100)\",\"creat', '{\"msg\":\"操作成功\",\"code\":200}', 0, NULL, '2021-09-18 16:53:02');
INSERT INTO `sys_oper_log` VALUES (323, '代码生成', 2, 'com.jzsjcdlxxzx.generator.controller.GenController.editSave()', 'PUT', 1, 'admin', NULL, '/tool/gen', '221.13.205.234', 'XX XX', '{\"functionAuthor\":\"jzsjcdlxxzx\",\"columns\":[{\"usableColumn\":false,\"columnId\":101,\"isIncrement\":\"1\",\"increment\":true,\"insert\":true,\"dictType\":\"\",\"required\":false,\"superColumn\":false,\"updateBy\":\"\",\"isInsert\":\"1\",\"javaField\":\"dictCode\",\"htmlType\":\"input\",\"edit\":false,\"query\":false,\"columnComment\":\"字典编码\",\"updateTime\":1631955182000,\"sort\":1,\"list\":false,\"params\":{},\"javaType\":\"Long\",\"queryType\":\"EQ\",\"columnType\":\"bigint(20)\",\"createBy\":\"admin\",\"isPk\":\"1\",\"createTime\":1631953976000,\"tableId\":13,\"pk\":true,\"columnName\":\"dict_code\"},{\"usableColumn\":false,\"columnId\":102,\"isIncrement\":\"0\",\"increment\":false,\"insert\":true,\"isList\":\"1\",\"dictType\":\"\",\"required\":false,\"superColumn\":false,\"updateBy\":\"\",\"isInsert\":\"1\",\"javaField\":\"dictSort\",\"htmlType\":\"input\",\"edit\":true,\"query\":true,\"columnComment\":\"字典排序\",\"isQuery\":\"1\",\"updateTime\":1631955182000,\"sort\":2,\"list\":true,\"params\":{},\"javaType\":\"Integer\",\"queryType\":\"EQ\",\"columnType\":\"int(4)\",\"createBy\":\"admin\",\"isPk\":\"0\",\"createTime\":1631953976000,\"isEdit\":\"1\",\"tableId\":13,\"pk\":false,\"columnName\":\"dict_sort\"},{\"usableColumn\":false,\"columnId\":103,\"isIncrement\":\"0\",\"increment\":false,\"insert\":true,\"isList\":\"1\",\"dictType\":\"\",\"required\":false,\"superColumn\":false,\"updateBy\":\"\",\"isInsert\":\"1\",\"javaField\":\"dictLabel\",\"htmlType\":\"input\",\"edit\":true,\"query\":true,\"columnComment\":\"字典标签\",\"isQuery\":\"1\",\"updateTime\":1631955182000,\"sort\":3,\"list\":true,\"params\":{},\"javaType\":\"String\",\"queryType\":\"EQ\",\"columnType\":\"varchar(100)\",\"createBy\":\"admin\",\"isPk\":\"0\",\"createTime\":1631953976000,\"isEdit\":\"1\",\"tableId\":13,\"pk\":false,\"columnName\":\"dict_label\"},{\"usableColumn\":false,\"columnId\":104,\"isIncrement\":\"0\",\"increment\":false,\"insert\":true,\"isList\":\"1\",\"dictType\":\"\",\"required\":false,\"superColumn\":false,\"updateBy\":\"\",\"isInsert\":\"1\",\"javaField\":\"dictValue\",\"htmlType\":\"input\",\"edit\":true,\"query\":true,\"columnComment\":\"字典键值\",\"isQuery\":\"1\",\"updateTime\":1631955182000,\"sort\":4,\"list\":true,\"params\":{},\"javaType\":\"String\",\"queryType\":\"EQ\",\"columnType\":\"varchar(100)\",\"creat', '{\"msg\":\"操作成功\",\"code\":200}', 0, NULL, '2021-09-18 16:53:45');
INSERT INTO `sys_oper_log` VALUES (324, '代码生成', 8, 'com.jzsjcdlxxzx.generator.controller.GenController.batchGenCode()', 'GET', 1, 'admin', NULL, '/tool/gen/batchGenCode', '221.13.205.234', 'XX XX', '{}', 'null', 0, NULL, '2021-09-18 17:07:09');
INSERT INTO `sys_oper_log` VALUES (325, '代码生成', 2, 'com.jzsjcdlxxzx.generator.controller.GenController.editSave()', 'PUT', 1, 'admin', NULL, '/tool/gen', '127.0.0.1', '内网IP', '{\"functionAuthor\":\"jzsjcdlxxzx\",\"columns\":[{\"usableColumn\":false,\"columnId\":92,\"isIncrement\":\"1\",\"increment\":true,\"insert\":true,\"dictType\":\"\",\"required\":false,\"superColumn\":false,\"updateBy\":\"\",\"isInsert\":\"1\",\"javaField\":\"cameraId\",\"htmlType\":\"input\",\"edit\":false,\"query\":false,\"columnComment\":\"监控ID\",\"updateTime\":1631954846000,\"sort\":1,\"list\":false,\"params\":{},\"javaType\":\"Long\",\"queryType\":\"EQ\",\"columnType\":\"bigint(20)\",\"createBy\":\"admin\",\"isPk\":\"1\",\"createTime\":1631953976000,\"tableId\":12,\"pk\":true,\"columnName\":\"camera_id\"},{\"usableColumn\":false,\"columnId\":93,\"isIncrement\":\"0\",\"increment\":false,\"insert\":true,\"isList\":\"1\",\"dictType\":\"\",\"required\":false,\"superColumn\":false,\"updateBy\":\"\",\"isInsert\":\"1\",\"javaField\":\"url\",\"htmlType\":\"input\",\"edit\":true,\"query\":true,\"columnComment\":\"视频源地址\",\"isQuery\":\"1\",\"updateTime\":1631954846000,\"sort\":2,\"list\":true,\"params\":{},\"javaType\":\"String\",\"queryType\":\"EQ\",\"columnType\":\"varchar(255)\",\"createBy\":\"admin\",\"isPk\":\"0\",\"createTime\":1631953976000,\"isEdit\":\"1\",\"tableId\":12,\"pk\":false,\"columnName\":\"url\"},{\"usableColumn\":false,\"columnId\":94,\"isIncrement\":\"0\",\"increment\":false,\"insert\":true,\"isList\":\"1\",\"dictType\":\"sys_yes_no\",\"required\":false,\"superColumn\":false,\"updateBy\":\"\",\"isInsert\":\"1\",\"javaField\":\"flv\",\"htmlType\":\"select\",\"edit\":true,\"query\":true,\"columnComment\":\"是否开启flv\",\"isQuery\":\"1\",\"updateTime\":1631954846000,\"sort\":3,\"list\":true,\"params\":{},\"javaType\":\"Integer\",\"queryType\":\"EQ\",\"columnType\":\"int(1)\",\"createBy\":\"admin\",\"isPk\":\"0\",\"createTime\":1631953976000,\"isEdit\":\"1\",\"tableId\":12,\"pk\":false,\"columnName\":\"flv\"},{\"usableColumn\":false,\"columnId\":95,\"isIncrement\":\"0\",\"increment\":false,\"insert\":true,\"isList\":\"1\",\"dictType\":\"sys_yes_no\",\"required\":false,\"superColumn\":false,\"updateBy\":\"\",\"isInsert\":\"1\",\"javaField\":\"hls\",\"htmlType\":\"select\",\"edit\":true,\"query\":true,\"columnComment\":\"是否开启hls\",\"isQuery\":\"1\",\"updateTime\":1631954846000,\"sort\":4,\"list\":true,\"params\":{},\"javaType\":\"Integer\",\"queryType\":\"EQ\",\"columnType\":\"int(1)\",\"createBy\":\"admi', '{\"msg\":\"操作成功\",\"code\":200}', 0, NULL, '2021-09-18 17:45:11');
INSERT INTO `sys_oper_log` VALUES (326, '代码生成', 8, 'com.jzsjcdlxxzx.generator.controller.GenController.batchGenCode()', 'GET', 1, 'admin', NULL, '/tool/gen/batchGenCode', '127.0.0.1', '内网IP', '{}', 'null', 0, NULL, '2021-09-18 17:45:16');
INSERT INTO `sys_oper_log` VALUES (327, '代码生成', 2, 'com.jzsjcdlxxzx.generator.controller.GenController.synchDb()', 'GET', 1, 'admin', NULL, '/tool/gen/synchDb/sys_camera', '221.13.205.234', 'XX XX', '{tableName=sys_camera}', '{\"msg\":\"操作成功\",\"code\":200}', 0, NULL, '2021-09-18 17:55:19');
INSERT INTO `sys_oper_log` VALUES (328, '代码生成', 2, 'com.jzsjcdlxxzx.generator.controller.GenController.editSave()', 'PUT', 1, 'admin', NULL, '/tool/gen', '221.13.205.234', 'XX XX', '{\"functionAuthor\":\"jzsjcdlxxzx\",\"columns\":[{\"usableColumn\":false,\"columnId\":92,\"isIncrement\":\"1\",\"increment\":true,\"insert\":true,\"dictType\":\"\",\"required\":false,\"superColumn\":false,\"updateBy\":\"\",\"isInsert\":\"1\",\"javaField\":\"cameraId\",\"htmlType\":\"input\",\"edit\":false,\"query\":false,\"columnComment\":\"监控ID\",\"updateTime\":1631958311000,\"sort\":1,\"list\":false,\"params\":{},\"javaType\":\"Long\",\"queryType\":\"EQ\",\"columnType\":\"bigint(20)\",\"createBy\":\"admin\",\"isPk\":\"1\",\"createTime\":1631953976000,\"tableId\":12,\"pk\":true,\"columnName\":\"camera_id\"},{\"usableColumn\":false,\"columnId\":93,\"isIncrement\":\"0\",\"increment\":false,\"insert\":true,\"isList\":\"1\",\"dictType\":\"\",\"required\":false,\"superColumn\":false,\"updateBy\":\"\",\"isInsert\":\"1\",\"javaField\":\"url\",\"htmlType\":\"input\",\"edit\":true,\"query\":true,\"columnComment\":\"视频源地址\",\"isQuery\":\"1\",\"updateTime\":1631958311000,\"sort\":2,\"list\":true,\"params\":{},\"javaType\":\"String\",\"queryType\":\"EQ\",\"columnType\":\"varchar(255)\",\"createBy\":\"admin\",\"isPk\":\"0\",\"createTime\":1631953976000,\"isEdit\":\"1\",\"tableId\":12,\"pk\":false,\"columnName\":\"url\"},{\"usableColumn\":false,\"columnId\":94,\"isIncrement\":\"0\",\"increment\":false,\"insert\":true,\"isList\":\"1\",\"dictType\":\"sys_yes_no\",\"required\":false,\"superColumn\":false,\"updateBy\":\"\",\"isInsert\":\"1\",\"javaField\":\"flv\",\"htmlType\":\"radio\",\"edit\":true,\"query\":true,\"columnComment\":\"是否开启flv\",\"isQuery\":\"1\",\"updateTime\":1631958311000,\"sort\":3,\"list\":true,\"params\":{},\"javaType\":\"Integer\",\"queryType\":\"EQ\",\"columnType\":\"int(1)\",\"createBy\":\"admin\",\"isPk\":\"0\",\"createTime\":1631953976000,\"isEdit\":\"1\",\"tableId\":12,\"pk\":false,\"columnName\":\"flv\"},{\"usableColumn\":false,\"columnId\":95,\"isIncrement\":\"0\",\"increment\":false,\"insert\":true,\"isList\":\"1\",\"dictType\":\"sys_yes_no\",\"required\":false,\"superColumn\":false,\"updateBy\":\"\",\"isInsert\":\"1\",\"javaField\":\"hls\",\"htmlType\":\"radio\",\"edit\":true,\"query\":true,\"columnComment\":\"是否开启hls\",\"isQuery\":\"1\",\"updateTime\":1631958311000,\"sort\":4,\"list\":true,\"params\":{},\"javaType\":\"Integer\",\"queryType\":\"EQ\",\"columnType\":\"int(1)\",\"createBy\":\"admin\"', '{\"msg\":\"操作成功\",\"code\":200}', 0, NULL, '2021-09-18 17:55:37');
INSERT INTO `sys_oper_log` VALUES (329, '代码生成', 3, 'com.jzsjcdlxxzx.generator.controller.GenController.remove()', 'DELETE', 1, 'admin', NULL, '/tool/gen/12', '221.13.205.234', 'XX XX', '{tableIds=12}', '{\"msg\":\"操作成功\",\"code\":200}', 0, NULL, '2021-09-18 17:55:57');
INSERT INTO `sys_oper_log` VALUES (330, '代码生成', 6, 'com.jzsjcdlxxzx.generator.controller.GenController.importTableSave()', 'POST', 1, 'admin', NULL, '/tool/gen/importTable', '221.13.205.234', 'XX XX', 'sys_camera', '{\"msg\":\"操作成功\",\"code\":200}', 0, NULL, '2021-09-18 17:56:14');
INSERT INTO `sys_oper_log` VALUES (331, '代码生成', 2, 'com.jzsjcdlxxzx.generator.controller.GenController.editSave()', 'PUT', 1, 'admin', NULL, '/tool/gen', '221.13.205.234', 'XX XX', '{\"functionAuthor\":\"jzsjcdlxxzx\",\"columns\":[{\"usableColumn\":false,\"columnId\":115,\"isIncrement\":\"1\",\"increment\":true,\"insert\":true,\"dictType\":\"\",\"required\":false,\"superColumn\":false,\"updateBy\":\"\",\"isInsert\":\"1\",\"javaField\":\"cameraId\",\"htmlType\":\"input\",\"edit\":false,\"query\":false,\"columnComment\":\"监控ID\",\"sort\":1,\"list\":false,\"params\":{},\"javaType\":\"Long\",\"queryType\":\"EQ\",\"columnType\":\"bigint(20)\",\"createBy\":\"admin\",\"isPk\":\"1\",\"createTime\":1631958974000,\"tableId\":14,\"pk\":true,\"columnName\":\"camera_id\"},{\"usableColumn\":false,\"columnId\":116,\"isIncrement\":\"0\",\"increment\":false,\"insert\":true,\"isList\":\"1\",\"dictType\":\"\",\"required\":false,\"superColumn\":false,\"updateBy\":\"\",\"isInsert\":\"1\",\"javaField\":\"url\",\"htmlType\":\"input\",\"edit\":true,\"query\":true,\"columnComment\":\"视频源地址\",\"isQuery\":\"1\",\"sort\":2,\"list\":true,\"params\":{},\"javaType\":\"String\",\"queryType\":\"EQ\",\"columnType\":\"varchar(255)\",\"createBy\":\"admin\",\"isPk\":\"0\",\"createTime\":1631958974000,\"isEdit\":\"1\",\"tableId\":14,\"pk\":false,\"columnName\":\"url\"},{\"usableColumn\":false,\"columnId\":117,\"isIncrement\":\"0\",\"increment\":false,\"insert\":true,\"isList\":\"1\",\"dictType\":\"sys_yes_no\",\"required\":false,\"superColumn\":false,\"updateBy\":\"\",\"isInsert\":\"1\",\"javaField\":\"flv\",\"htmlType\":\"radio\",\"edit\":true,\"query\":true,\"columnComment\":\"是否开启flv\",\"isQuery\":\"1\",\"sort\":3,\"list\":true,\"params\":{},\"javaType\":\"String\",\"queryType\":\"EQ\",\"columnType\":\"varchar(1)\",\"createBy\":\"admin\",\"isPk\":\"0\",\"createTime\":1631958974000,\"isEdit\":\"1\",\"tableId\":14,\"pk\":false,\"columnName\":\"flv\"},{\"usableColumn\":false,\"columnId\":118,\"isIncrement\":\"0\",\"increment\":false,\"insert\":true,\"isList\":\"1\",\"dictType\":\"sys_yes_no\",\"required\":false,\"superColumn\":false,\"updateBy\":\"\",\"isInsert\":\"1\",\"javaField\":\"hls\",\"htmlType\":\"radio\",\"edit\":true,\"query\":true,\"columnComment\":\"是否开启hls\",\"isQuery\":\"1\",\"sort\":4,\"list\":true,\"params\":{},\"javaType\":\"String\",\"queryType\":\"EQ\",\"columnType\":\"varchar(1)\",\"createBy\":\"admin\",\"isPk\":\"0\",\"createTime\":1631958974000,\"isEdit\":\"1\",\"tableId\":14,\"pk\":false,\"columnName\":\"hls\"},{\"', '{\"msg\":\"操作成功\",\"code\":200}', 0, NULL, '2021-09-18 17:57:14');
INSERT INTO `sys_oper_log` VALUES (332, '代码生成', 8, 'com.jzsjcdlxxzx.generator.controller.GenController.batchGenCode()', 'GET', 1, 'admin', NULL, '/tool/gen/batchGenCode', '221.13.205.234', 'XX XX', '{}', 'null', 0, NULL, '2021-09-18 17:57:19');
INSERT INTO `sys_oper_log` VALUES (333, '监控管理', 1, 'com.jzsjcdlxxzx.camera.controller.SysCameraController.add()', 'POST', 1, 'admin', NULL, '/camera/camera', '127.0.0.1', '内网IP', '{\"params\":{},\"type\":0,\"hls\":\"N\",\"url\":\"rtsp://admin:zhang@123@192.168.1.10:554/ch1/main/av_stream\",\"mode\":1,\"flv\":\"Y\",\"autoclose\":\"Y\",\"cameraId\":1}', '{\"msg\":\"操作成功\",\"code\":200}', 0, NULL, '2021-09-18 18:07:25');
INSERT INTO `sys_oper_log` VALUES (334, '监控管理', 5, 'com.jzsjcdlxxzx.camera.controller.SysCameraController.export()', 'GET', 1, 'admin', NULL, '/camera/camera/export', '127.0.0.1', '内网IP', '{}', '{\"msg\":\"791e2511-232f-4d5a-83b4-8a329e9a6aad_camera.xlsx\",\"code\":200}', 0, NULL, '2021-09-24 17:50:14');
INSERT INTO `sys_oper_log` VALUES (335, '监控管理', 5, 'com.jzsjcdlxxzx.camera.controller.SysCameraController.export()', 'GET', 1, 'admin', NULL, '/camera/camera/export', '127.0.0.1', '内网IP', '{}', '{\"msg\":\"a6378b3e-eea1-462e-84ba-153b66d2df9f_camera.xlsx\",\"code\":200}', 0, NULL, '2021-09-24 17:50:56');

-- ----------------------------
-- Table structure for sys_post
-- ----------------------------
DROP TABLE IF EXISTS `sys_post`;
CREATE TABLE `sys_post`  (
  `post_id` bigint(20) NOT NULL AUTO_INCREMENT COMMENT '岗位ID',
  `post_code` varchar(64) CHARACTER SET utf8 COLLATE utf8_general_ci NOT NULL COMMENT '岗位编码',
  `post_name` varchar(50) CHARACTER SET utf8 COLLATE utf8_general_ci NOT NULL COMMENT '岗位名称',
  `post_sort` int(4) NOT NULL COMMENT '显示顺序',
  `status` char(1) CHARACTER SET utf8 COLLATE utf8_general_ci NOT NULL COMMENT '状态（0正常 1停用）',
  `create_by` varchar(64) CHARACTER SET utf8 COLLATE utf8_general_ci NULL DEFAULT '' COMMENT '创建者',
  `create_time` datetime(0) NULL DEFAULT NULL COMMENT '创建时间',
  `update_by` varchar(64) CHARACTER SET utf8 COLLATE utf8_general_ci NULL DEFAULT '' COMMENT '更新者',
  `update_time` datetime(0) NULL DEFAULT NULL COMMENT '更新时间',
  `remark` varchar(500) CHARACTER SET utf8 COLLATE utf8_general_ci NULL DEFAULT NULL COMMENT '备注',
  PRIMARY KEY (`post_id`) USING BTREE
) ENGINE = InnoDB AUTO_INCREMENT = 8 CHARACTER SET = utf8 COLLATE = utf8_general_ci COMMENT = '岗位信息表' ROW_FORMAT = Dynamic;

-- ----------------------------
-- Records of sys_post
-- ----------------------------
INSERT INTO `sys_post` VALUES (1, 'ceo', '董事长', 1, '0', 'admin', '2020-10-22 14:27:04', '', NULL, '');
INSERT INTO `sys_post` VALUES (2, 'se', '部门经理', 2, '0', 'admin', '2020-10-22 14:27:04', 'admin', '2020-11-04 14:39:36', '');
INSERT INTO `sys_post` VALUES (3, 'hr', '人力资源', 3, '0', 'admin', '2020-10-22 14:27:04', '', NULL, '');
INSERT INTO `sys_post` VALUES (4, 'user', '普通员工', 4, '0', 'admin', '2020-10-22 14:27:04', '', NULL, '');
INSERT INTO `sys_post` VALUES (5, 'dxzxld', '地信中心领导', 200, '0', 'admin', '2021-08-24 18:00:21', 'admin', '2021-08-24 18:00:33', NULL);
INSERT INTO `sys_post` VALUES (6, 'sczxld', '收储中心领导', 201, '0', 'admin', '2021-08-24 18:00:52', '', NULL, NULL);
INSERT INTO `sys_post` VALUES (7, 'scyz', '收储一组', 202, '0', 'admin', '2021-09-03 18:31:54', 'admin', '2021-09-03 18:32:01', NULL);

-- ----------------------------
-- Table structure for sys_role
-- ----------------------------
DROP TABLE IF EXISTS `sys_role`;
CREATE TABLE `sys_role`  (
  `role_id` bigint(20) NOT NULL AUTO_INCREMENT COMMENT '角色ID',
  `role_name` varchar(30) CHARACTER SET utf8 COLLATE utf8_general_ci NOT NULL COMMENT '角色名称',
  `role_key` varchar(100) CHARACTER SET utf8 COLLATE utf8_general_ci NOT NULL COMMENT '角色权限字符串',
  `role_sort` int(4) NOT NULL COMMENT '显示顺序',
  `data_scope` char(1) CHARACTER SET utf8 COLLATE utf8_general_ci NULL DEFAULT '1' COMMENT '数据范围（1：全部数据权限 2：自定数据权限 3：本部门数据权限 4：本部门及以下数据权限）',
  `menu_check_strictly` tinyint(1) NULL DEFAULT 1 COMMENT '菜单树选择项是否关联显示',
  `dept_check_strictly` tinyint(1) NULL DEFAULT 1 COMMENT '部门树选择项是否关联显示',
  `status` char(1) CHARACTER SET utf8 COLLATE utf8_general_ci NOT NULL COMMENT '角色状态（0正常 1停用）',
  `del_flag` char(1) CHARACTER SET utf8 COLLATE utf8_general_ci NULL DEFAULT '0' COMMENT '删除标志（0代表存在 2代表删除）',
  `create_by` varchar(64) CHARACTER SET utf8 COLLATE utf8_general_ci NULL DEFAULT '' COMMENT '创建者',
  `create_time` datetime(0) NULL DEFAULT NULL COMMENT '创建时间',
  `update_by` varchar(64) CHARACTER SET utf8 COLLATE utf8_general_ci NULL DEFAULT '' COMMENT '更新者',
  `update_time` datetime(0) NULL DEFAULT NULL COMMENT '更新时间',
  `remark` varchar(500) CHARACTER SET utf8 COLLATE utf8_general_ci NULL DEFAULT NULL COMMENT '备注',
  PRIMARY KEY (`role_id`) USING BTREE
) ENGINE = InnoDB AUTO_INCREMENT = 104 CHARACTER SET = utf8 COLLATE = utf8_general_ci COMMENT = '角色信息表' ROW_FORMAT = Dynamic;

-- ----------------------------
-- Records of sys_role
-- ----------------------------
INSERT INTO `sys_role` VALUES (1, '超级管理员', 'admin', 1, '1', 1, 1, '0', '0', 'admin', '2020-10-22 14:27:04', '', NULL, '超级管理员');
INSERT INTO `sys_role` VALUES (2, '普通角色', 'common', 2, '5', 1, 1, '0', '0', 'admin', '2020-10-22 14:27:04', 'admin', '2020-11-10 22:28:07', '普通角色');
INSERT INTO `sys_role` VALUES (100, '部门历史OA', 'dept', 3, '4', 1, 1, '0', '0', 'admin', '2020-11-10 22:26:07', '', '2020-11-10 22:27:52', NULL);
INSERT INTO `sys_role` VALUES (101, '地信中心领导', 'dxzxld', 200, '1', 1, 1, '0', '0', 'admin', '2021-08-24 18:01:28', 'admin', '2021-09-03 18:28:11', NULL);
INSERT INTO `sys_role` VALUES (102, '收储中心领导', 'sczxld', 201, '4', 1, 1, '0', '0', 'admin', '2021-08-24 18:01:51', 'admin', '2021-09-03 18:27:42', NULL);
INSERT INTO `sys_role` VALUES (103, '收储一组', 'scyz', 202, '5', 1, 1, '0', '0', 'admin', '2021-09-03 18:33:55', '', '2021-09-03 18:34:13', NULL);

-- ----------------------------
-- Table structure for sys_role_dept
-- ----------------------------
DROP TABLE IF EXISTS `sys_role_dept`;
CREATE TABLE `sys_role_dept`  (
  `role_id` bigint(20) NOT NULL COMMENT '角色ID',
  `dept_id` bigint(20) NOT NULL COMMENT '部门ID',
  PRIMARY KEY (`role_id`, `dept_id`) USING BTREE
) ENGINE = InnoDB CHARACTER SET = utf8 COLLATE = utf8_general_ci COMMENT = '角色和部门关联表' ROW_FORMAT = Dynamic;

-- ----------------------------
-- Records of sys_role_dept
-- ----------------------------
INSERT INTO `sys_role_dept` VALUES (2, 100);
INSERT INTO `sys_role_dept` VALUES (2, 105);

-- ----------------------------
-- Table structure for sys_role_menu
-- ----------------------------
DROP TABLE IF EXISTS `sys_role_menu`;
CREATE TABLE `sys_role_menu`  (
  `role_id` bigint(20) NOT NULL COMMENT '角色ID',
  `menu_id` bigint(20) NOT NULL COMMENT '菜单ID',
  PRIMARY KEY (`role_id`, `menu_id`) USING BTREE
) ENGINE = InnoDB CHARACTER SET = utf8 COLLATE = utf8_general_ci COMMENT = '角色和菜单关联表' ROW_FORMAT = Dynamic;

-- ----------------------------
-- Records of sys_role_menu
-- ----------------------------
INSERT INTO `sys_role_menu` VALUES (2, 2000);
INSERT INTO `sys_role_menu` VALUES (2, 2001);
INSERT INTO `sys_role_menu` VALUES (2, 2002);
INSERT INTO `sys_role_menu` VALUES (2, 2003);
INSERT INTO `sys_role_menu` VALUES (2, 2004);
INSERT INTO `sys_role_menu` VALUES (2, 2005);
INSERT INTO `sys_role_menu` VALUES (2, 2006);
INSERT INTO `sys_role_menu` VALUES (2, 2007);
INSERT INTO `sys_role_menu` VALUES (2, 2008);
INSERT INTO `sys_role_menu` VALUES (100, 2000);
INSERT INTO `sys_role_menu` VALUES (100, 2001);
INSERT INTO `sys_role_menu` VALUES (100, 2002);
INSERT INTO `sys_role_menu` VALUES (100, 2003);
INSERT INTO `sys_role_menu` VALUES (100, 2004);
INSERT INTO `sys_role_menu` VALUES (100, 2005);
INSERT INTO `sys_role_menu` VALUES (100, 2006);
INSERT INTO `sys_role_menu` VALUES (100, 2007);
INSERT INTO `sys_role_menu` VALUES (100, 2008);
INSERT INTO `sys_role_menu` VALUES (100, 2009);
INSERT INTO `sys_role_menu` VALUES (100, 2010);
INSERT INTO `sys_role_menu` VALUES (101, 1);
INSERT INTO `sys_role_menu` VALUES (101, 2);
INSERT INTO `sys_role_menu` VALUES (101, 3);
INSERT INTO `sys_role_menu` VALUES (101, 4);
INSERT INTO `sys_role_menu` VALUES (101, 5);
INSERT INTO `sys_role_menu` VALUES (101, 100);
INSERT INTO `sys_role_menu` VALUES (101, 101);
INSERT INTO `sys_role_menu` VALUES (101, 102);
INSERT INTO `sys_role_menu` VALUES (101, 103);
INSERT INTO `sys_role_menu` VALUES (101, 104);
INSERT INTO `sys_role_menu` VALUES (101, 105);
INSERT INTO `sys_role_menu` VALUES (101, 106);
INSERT INTO `sys_role_menu` VALUES (101, 107);
INSERT INTO `sys_role_menu` VALUES (101, 108);
INSERT INTO `sys_role_menu` VALUES (101, 109);
INSERT INTO `sys_role_menu` VALUES (101, 110);
INSERT INTO `sys_role_menu` VALUES (101, 111);
INSERT INTO `sys_role_menu` VALUES (101, 112);
INSERT INTO `sys_role_menu` VALUES (101, 113);
INSERT INTO `sys_role_menu` VALUES (101, 114);
INSERT INTO `sys_role_menu` VALUES (101, 115);
INSERT INTO `sys_role_menu` VALUES (101, 500);
INSERT INTO `sys_role_menu` VALUES (101, 501);
INSERT INTO `sys_role_menu` VALUES (101, 1001);
INSERT INTO `sys_role_menu` VALUES (101, 1002);
INSERT INTO `sys_role_menu` VALUES (101, 1003);
INSERT INTO `sys_role_menu` VALUES (101, 1004);
INSERT INTO `sys_role_menu` VALUES (101, 1005);
INSERT INTO `sys_role_menu` VALUES (101, 1006);
INSERT INTO `sys_role_menu` VALUES (101, 1007);
INSERT INTO `sys_role_menu` VALUES (101, 1008);
INSERT INTO `sys_role_menu` VALUES (101, 1009);
INSERT INTO `sys_role_menu` VALUES (101, 1010);
INSERT INTO `sys_role_menu` VALUES (101, 1011);
INSERT INTO `sys_role_menu` VALUES (101, 1012);
INSERT INTO `sys_role_menu` VALUES (101, 1013);
INSERT INTO `sys_role_menu` VALUES (101, 1014);
INSERT INTO `sys_role_menu` VALUES (101, 1015);
INSERT INTO `sys_role_menu` VALUES (101, 1016);
INSERT INTO `sys_role_menu` VALUES (101, 1017);
INSERT INTO `sys_role_menu` VALUES (101, 1018);
INSERT INTO `sys_role_menu` VALUES (101, 1019);
INSERT INTO `sys_role_menu` VALUES (101, 1020);
INSERT INTO `sys_role_menu` VALUES (101, 1021);
INSERT INTO `sys_role_menu` VALUES (101, 1022);
INSERT INTO `sys_role_menu` VALUES (101, 1023);
INSERT INTO `sys_role_menu` VALUES (101, 1024);
INSERT INTO `sys_role_menu` VALUES (101, 1025);
INSERT INTO `sys_role_menu` VALUES (101, 1026);
INSERT INTO `sys_role_menu` VALUES (101, 1027);
INSERT INTO `sys_role_menu` VALUES (101, 1028);
INSERT INTO `sys_role_menu` VALUES (101, 1029);
INSERT INTO `sys_role_menu` VALUES (101, 1030);
INSERT INTO `sys_role_menu` VALUES (101, 1031);
INSERT INTO `sys_role_menu` VALUES (101, 1032);
INSERT INTO `sys_role_menu` VALUES (101, 1033);
INSERT INTO `sys_role_menu` VALUES (101, 1034);
INSERT INTO `sys_role_menu` VALUES (101, 1035);
INSERT INTO `sys_role_menu` VALUES (101, 1036);
INSERT INTO `sys_role_menu` VALUES (101, 1037);
INSERT INTO `sys_role_menu` VALUES (101, 1038);
INSERT INTO `sys_role_menu` VALUES (101, 1039);
INSERT INTO `sys_role_menu` VALUES (101, 1040);
INSERT INTO `sys_role_menu` VALUES (101, 1041);
INSERT INTO `sys_role_menu` VALUES (101, 1042);
INSERT INTO `sys_role_menu` VALUES (101, 1043);
INSERT INTO `sys_role_menu` VALUES (101, 1044);
INSERT INTO `sys_role_menu` VALUES (101, 1045);
INSERT INTO `sys_role_menu` VALUES (101, 1046);
INSERT INTO `sys_role_menu` VALUES (101, 1047);
INSERT INTO `sys_role_menu` VALUES (101, 1048);
INSERT INTO `sys_role_menu` VALUES (101, 1049);
INSERT INTO `sys_role_menu` VALUES (101, 1050);
INSERT INTO `sys_role_menu` VALUES (101, 1051);
INSERT INTO `sys_role_menu` VALUES (101, 1052);
INSERT INTO `sys_role_menu` VALUES (101, 1053);
INSERT INTO `sys_role_menu` VALUES (101, 1054);
INSERT INTO `sys_role_menu` VALUES (101, 1055);
INSERT INTO `sys_role_menu` VALUES (101, 1056);
INSERT INTO `sys_role_menu` VALUES (101, 1057);
INSERT INTO `sys_role_menu` VALUES (101, 1058);
INSERT INTO `sys_role_menu` VALUES (101, 1059);
INSERT INTO `sys_role_menu` VALUES (101, 1060);
INSERT INTO `sys_role_menu` VALUES (101, 1901);
INSERT INTO `sys_role_menu` VALUES (101, 2000);
INSERT INTO `sys_role_menu` VALUES (101, 2001);
INSERT INTO `sys_role_menu` VALUES (101, 2002);
INSERT INTO `sys_role_menu` VALUES (101, 2003);
INSERT INTO `sys_role_menu` VALUES (101, 2004);
INSERT INTO `sys_role_menu` VALUES (101, 2005);
INSERT INTO `sys_role_menu` VALUES (101, 2006);
INSERT INTO `sys_role_menu` VALUES (101, 2007);
INSERT INTO `sys_role_menu` VALUES (101, 2008);
INSERT INTO `sys_role_menu` VALUES (101, 2009);
INSERT INTO `sys_role_menu` VALUES (101, 2010);
INSERT INTO `sys_role_menu` VALUES (101, 2011);
INSERT INTO `sys_role_menu` VALUES (101, 2025);
INSERT INTO `sys_role_menu` VALUES (101, 2026);
INSERT INTO `sys_role_menu` VALUES (101, 2027);
INSERT INTO `sys_role_menu` VALUES (101, 2028);
INSERT INTO `sys_role_menu` VALUES (101, 2029);
INSERT INTO `sys_role_menu` VALUES (101, 2030);
INSERT INTO `sys_role_menu` VALUES (102, 2000);
INSERT INTO `sys_role_menu` VALUES (102, 2001);
INSERT INTO `sys_role_menu` VALUES (102, 2002);
INSERT INTO `sys_role_menu` VALUES (102, 2003);
INSERT INTO `sys_role_menu` VALUES (102, 2004);
INSERT INTO `sys_role_menu` VALUES (102, 2005);
INSERT INTO `sys_role_menu` VALUES (102, 2006);
INSERT INTO `sys_role_menu` VALUES (102, 2007);
INSERT INTO `sys_role_menu` VALUES (102, 2008);
INSERT INTO `sys_role_menu` VALUES (102, 2009);
INSERT INTO `sys_role_menu` VALUES (102, 2010);
INSERT INTO `sys_role_menu` VALUES (102, 2011);
INSERT INTO `sys_role_menu` VALUES (102, 2025);
INSERT INTO `sys_role_menu` VALUES (102, 2026);
INSERT INTO `sys_role_menu` VALUES (102, 2027);
INSERT INTO `sys_role_menu` VALUES (102, 2028);
INSERT INTO `sys_role_menu` VALUES (102, 2029);
INSERT INTO `sys_role_menu` VALUES (102, 2030);
INSERT INTO `sys_role_menu` VALUES (103, 2011);
INSERT INTO `sys_role_menu` VALUES (103, 2025);
INSERT INTO `sys_role_menu` VALUES (103, 2026);
INSERT INTO `sys_role_menu` VALUES (103, 2027);
INSERT INTO `sys_role_menu` VALUES (103, 2028);
INSERT INTO `sys_role_menu` VALUES (103, 2029);
INSERT INTO `sys_role_menu` VALUES (103, 2030);

-- ----------------------------
-- Table structure for sys_user
-- ----------------------------
DROP TABLE IF EXISTS `sys_user`;
CREATE TABLE `sys_user`  (
  `user_id` bigint(20) NOT NULL AUTO_INCREMENT COMMENT '用户ID',
  `dept_id` bigint(20) NULL DEFAULT NULL COMMENT '部门ID',
  `user_name` varchar(30) CHARACTER SET utf8 COLLATE utf8_general_ci NOT NULL COMMENT '用户账号',
  `nick_name` varchar(30) CHARACTER SET utf8 COLLATE utf8_general_ci NOT NULL COMMENT '用户昵称',
  `user_type` varchar(2) CHARACTER SET utf8 COLLATE utf8_general_ci NULL DEFAULT '00' COMMENT '用户类型（00系统用户）',
  `email` varchar(50) CHARACTER SET utf8 COLLATE utf8_general_ci NULL DEFAULT '' COMMENT '用户邮箱',
  `phonenumber` varchar(11) CHARACTER SET utf8 COLLATE utf8_general_ci NULL DEFAULT '' COMMENT '手机号码',
  `sex` char(1) CHARACTER SET utf8 COLLATE utf8_general_ci NULL DEFAULT '0' COMMENT '用户性别（0男 1女 2未知）',
  `avatar` varchar(256) CHARACTER SET utf8 COLLATE utf8_general_ci NULL DEFAULT '' COMMENT '头像地址',
  `password` varchar(100) CHARACTER SET utf8 COLLATE utf8_general_ci NULL DEFAULT '' COMMENT '密码',
  `status` char(1) CHARACTER SET utf8 COLLATE utf8_general_ci NULL DEFAULT '0' COMMENT '帐号状态（0正常 1停用）',
  `del_flag` char(1) CHARACTER SET utf8 COLLATE utf8_general_ci NULL DEFAULT '0' COMMENT '删除标志（0代表存在 2代表删除）',
  `login_ip` varchar(50) CHARACTER SET utf8 COLLATE utf8_general_ci NULL DEFAULT '' COMMENT '最后登录IP',
  `login_date` datetime(0) NULL DEFAULT NULL COMMENT '最后登录时间',
  `create_by` varchar(64) CHARACTER SET utf8 COLLATE utf8_general_ci NULL DEFAULT '' COMMENT '创建者',
  `create_time` datetime(0) NULL DEFAULT NULL COMMENT '创建时间',
  `update_by` varchar(64) CHARACTER SET utf8 COLLATE utf8_general_ci NULL DEFAULT '' COMMENT '更新者',
  `update_time` datetime(0) NULL DEFAULT NULL COMMENT '更新时间',
  `remark` varchar(500) CHARACTER SET utf8 COLLATE utf8_general_ci NULL DEFAULT NULL COMMENT '备注',
  PRIMARY KEY (`user_id`) USING BTREE
) ENGINE = InnoDB AUTO_INCREMENT = 108 CHARACTER SET = utf8 COLLATE = utf8_general_ci COMMENT = '用户信息表' ROW_FORMAT = Dynamic;

-- ----------------------------
-- Records of sys_user
-- ----------------------------
INSERT INTO `sys_user` VALUES (1, 103, 'admin', '若依', '00', 'ry@163.com', '15888888888', '1', '/profile/avatar/2020/10/25/f2304bcb-a3ee-4471-bc33-4431ab80af5a.jpeg', '$2a$10$7JB720yubVSZvUI0rEqK/.VqGOZTH.ulu33dHOiBE8ByOhJIrdAu2', '0', '0', '127.0.0.1', '2020-10-22 14:27:04', 'admin', '2020-10-22 14:27:04', '', NULL, '管理员');
INSERT INTO `sys_user` VALUES (2, 105, 'ry', '测试员', '00', 'ry@qq.com', '15666666666', '1', '', '$2a$10$7JB720yubVSZvUI0rEqK/.VqGOZTH.ulu33dHOiBE8ByOhJIrdAu2', '0', '0', '127.0.0.1', '2020-10-22 14:27:04', 'admin', '2020-10-22 14:27:04', 'admin', '2021-09-02 09:21:28', '测试员');
INSERT INTO `sys_user` VALUES (100, 103, 'guanxing', '关兴', '00', '1@ry.com', '18600000001', '0', '', '$2a$10$ekiSpWpUVv8/WuUS1up8XuNah.FVbJ5ZC9XdvqWxBE5qc2qP6KF6W', '0', '0', '', NULL, 'admin', '2020-11-04 14:39:07', 'admin', '2020-11-10 22:29:48', NULL);
INSERT INTO `sys_user` VALUES (101, 103, 'guanyu', '关羽', '00', '2@ry.com', '18600000002', '0', '', '$2a$10$CT.xyhiTacc9V.X8YFfdDeaU68Li9C9MNpAssJ/W4v.1MC.AtiOsa', '0', '0', '', NULL, 'admin', '2020-11-04 14:40:43', 'admin', '2020-11-10 22:30:29', NULL);
INSERT INTO `sys_user` VALUES (102, 100, 'zhugeliang', '诸葛亮', '00', '3@ry.com', '18600000003', '0', '', '$2a$10$iOYs0XUxmyOF5PDxNGyNt.qf6.LpUzBPRBhbIAwlmrN7lgjjBd0KO', '0', '0', '', NULL, 'admin', '2020-11-04 14:41:37', 'admin', '2020-11-10 22:30:37', NULL);
INSERT INTO `sys_user` VALUES (103, 103, 'zhaoyun', '赵云', '00', '4@ry.com', '18600000004', '0', '', '$2a$10$JILiC3cILDSk0EgDprEr9OS1pNxp9fM8vuXBC.VRxds.bwHFE/gba', '0', '0', '', NULL, 'admin', '2020-11-08 15:52:30', 'admin', '2020-11-10 22:30:44', NULL);
INSERT INTO `sys_user` VALUES (104, 103, 'zhoucang', '周仓', '00', '5@ry.com', '18600000005', '0', '', '$2a$10$ekiSpWpUVv8/WuUS1up8XuNah.FVbJ5ZC9XdvqWxBE5qc2qP6KF6W', '0', '0', '', NULL, 'admin', '2020-11-04 14:39:07', 'admin', '2020-11-10 22:29:48', NULL);
INSERT INTO `sys_user` VALUES (105, 200, 'wbl', '王变利', '00', 'wbl@qq.com', '13211112222', '1', '', '$2a$10$ci4qotkgescuyhFdIO2vaectbkCrdaPEWkA8L/OoQPKAgv9BRgHc.', '0', '0', '', NULL, 'admin', '2021-08-24 18:03:06', 'admin', '2021-09-10 16:44:37', NULL);
INSERT INTO `sys_user` VALUES (106, 201, 'sczx', '收储中心', '00', 'sczx@qq.com', '15811112222', '0', '', '$2a$10$CYJhLqTdLf/IdY86.HP73ObD0vc6evFwSxSVs7VlTPu0xOMwCOYe2', '0', '0', '', NULL, 'admin', '2021-08-24 18:03:45', 'admin', '2021-09-10 16:44:42', NULL);
INSERT INTO `sys_user` VALUES (107, 201, 'scyz', '收储一组', '00', 'szyz@qq.com', '15833333333', '0', '', '$2a$10$EKr8FqXaPBaaoxE7L/ShB.jWfrYOB/iy4UgmdSRFfnahkkK1SZxu6', '0', '0', '', NULL, 'admin', '2021-09-03 18:35:02', 'admin', '2021-09-10 16:44:47', NULL);

-- ----------------------------
-- Table structure for sys_user_post
-- ----------------------------
DROP TABLE IF EXISTS `sys_user_post`;
CREATE TABLE `sys_user_post`  (
  `user_id` bigint(20) NOT NULL COMMENT '用户ID',
  `post_id` bigint(20) NOT NULL COMMENT '岗位ID',
  PRIMARY KEY (`user_id`, `post_id`) USING BTREE
) ENGINE = InnoDB CHARACTER SET = utf8 COLLATE = utf8_general_ci COMMENT = '用户与岗位关联表' ROW_FORMAT = Dynamic;

-- ----------------------------
-- Records of sys_user_post
-- ----------------------------
INSERT INTO `sys_user_post` VALUES (1, 1);
INSERT INTO `sys_user_post` VALUES (2, 3);
INSERT INTO `sys_user_post` VALUES (100, 4);
INSERT INTO `sys_user_post` VALUES (101, 2);
INSERT INTO `sys_user_post` VALUES (102, 3);
INSERT INTO `sys_user_post` VALUES (103, 2);
INSERT INTO `sys_user_post` VALUES (105, 5);
INSERT INTO `sys_user_post` VALUES (106, 6);
INSERT INTO `sys_user_post` VALUES (107, 7);

-- ----------------------------
-- Table structure for sys_user_role
-- ----------------------------
DROP TABLE IF EXISTS `sys_user_role`;
CREATE TABLE `sys_user_role`  (
  `user_id` bigint(20) NOT NULL COMMENT '用户ID',
  `role_id` bigint(20) NOT NULL COMMENT '角色ID',
  PRIMARY KEY (`user_id`, `role_id`) USING BTREE
) ENGINE = InnoDB CHARACTER SET = utf8 COLLATE = utf8_general_ci COMMENT = '用户和角色关联表' ROW_FORMAT = Dynamic;

-- ----------------------------
-- Records of sys_user_role
-- ----------------------------
INSERT INTO `sys_user_role` VALUES (1, 1);
INSERT INTO `sys_user_role` VALUES (2, 2);
INSERT INTO `sys_user_role` VALUES (100, 2);
INSERT INTO `sys_user_role` VALUES (101, 100);
INSERT INTO `sys_user_role` VALUES (102, 100);
INSERT INTO `sys_user_role` VALUES (103, 100);
INSERT INTO `sys_user_role` VALUES (105, 101);
INSERT INTO `sys_user_role` VALUES (106, 102);
INSERT INTO `sys_user_role` VALUES (107, 103);

-- ----------------------------
-- Table structure for workflow_leave
-- ----------------------------
DROP TABLE IF EXISTS `workflow_leave`;
CREATE TABLE `workflow_leave`  (
  `id` varchar(36) CHARACTER SET utf8 COLLATE utf8_general_ci NOT NULL COMMENT '主键ID',
  `type` char(36) CHARACTER SET utf8 COLLATE utf8_general_ci NULL DEFAULT NULL COMMENT '请假类型',
  `title` varchar(100) CHARACTER SET utf8 COLLATE utf8_general_ci NULL DEFAULT NULL COMMENT '标题',
  `reason` varchar(500) CHARACTER SET utf8 COLLATE utf8_general_ci NULL DEFAULT NULL COMMENT '原因',
  `leave_start_time` date NULL DEFAULT NULL COMMENT '开始时间',
  `leave_end_time` date NULL DEFAULT NULL COMMENT '结束时间',
  `attachment_link` varchar(2048) CHARACTER SET utf8 COLLATE utf8_general_ci NULL DEFAULT NULL COMMENT '附件',
  `instance_id` varchar(36) CHARACTER SET utf8 COLLATE utf8_general_ci NULL DEFAULT NULL COMMENT '流程实例ID',
  `state` char(1) CHARACTER SET utf8 COLLATE utf8_general_ci NULL DEFAULT NULL COMMENT '状态',
  `create_name` varchar(36) CHARACTER SET utf8 COLLATE utf8_general_ci NULL DEFAULT NULL COMMENT '创建者名称',
  `create_by` varchar(64) CHARACTER SET utf8 COLLATE utf8_general_ci NULL DEFAULT '' COMMENT '创建者',
  `create_time` datetime(0) NULL DEFAULT NULL COMMENT '创建时间',
  `update_time` datetime(0) NULL DEFAULT NULL COMMENT '更新时间',
  PRIMARY KEY (`id`) USING BTREE
) ENGINE = InnoDB CHARACTER SET = utf8 COLLATE = utf8_general_ci COMMENT = '请假' ROW_FORMAT = Dynamic;

-- ----------------------------
-- Records of workflow_leave
-- ----------------------------

-- ----------------------------
-- Table structure for zhsc_gztz
-- ----------------------------
DROP TABLE IF EXISTS `zhsc_gztz`;
CREATE TABLE `zhsc_gztz`  (
  `id` bigint(20) NOT NULL AUTO_INCREMENT COMMENT '序号',
  `xq` varchar(1) CHARACTER SET utf8mb4 COLLATE utf8mb4_general_ci NULL DEFAULT NULL COMMENT '辖区',
  `zb` varchar(1) CHARACTER SET utf8mb4 COLLATE utf8mb4_general_ci NULL DEFAULT NULL COMMENT '组别',
  `ytdsyqr` varchar(50) CHARACTER SET utf8mb4 COLLATE utf8mb4_general_ci NULL DEFAULT NULL COMMENT '原土地使用权人',
  `wz` varchar(255) CHARACTER SET utf8mb4 COLLATE utf8mb4_general_ci NULL DEFAULT NULL COMMENT '位置',
  `mj` float NULL DEFAULT NULL COMMENT '面积（亩）',
  `ghyt` varchar(20) CHARACTER SET utf8mb4 COLLATE utf8mb4_general_ci NULL DEFAULT NULL COMMENT '规划用途',
  `sflrndcbjh` varchar(1) CHARACTER SET utf8mb4 COLLATE utf8mb4_general_ci NULL DEFAULT NULL COMMENT '是否列入年度储备计划',
  `tdzqqk` varchar(1) CHARACTER SET utf8mb4 COLLATE utf8mb4_general_ci NULL DEFAULT NULL COMMENT '土地征转（权属）情况',
  `tdsyqsfsh` varchar(1) CHARACTER SET utf8mb4 COLLATE utf8mb4_general_ci NULL DEFAULT NULL COMMENT '土地使用权是否收回',
  `zxtdz` varchar(1) CHARACTER SET utf8mb4 COLLATE utf8mb4_general_ci NULL DEFAULT NULL COMMENT '注销土地证',
  `lwth` varchar(1) CHARACTER SET utf8mb4 COLLATE utf8mb4_general_ci NULL DEFAULT NULL COMMENT '路网套核',
  `xmsc` varchar(1) CHARACTER SET utf8mb4 COLLATE utf8mb4_general_ci NULL DEFAULT NULL COMMENT '项目生成',
  `fk` varchar(1) CHARACTER SET utf8mb4 COLLATE utf8mb4_general_ci NULL DEFAULT NULL COMMENT '覆矿',
  `zz` varchar(1) CHARACTER SET utf8mb4 COLLATE utf8mb4_general_ci NULL DEFAULT NULL COMMENT '质灾',
  `ly` varchar(1) CHARACTER SET utf8mb4 COLLATE utf8mb4_general_ci NULL DEFAULT NULL COMMENT '涝隐',
  `wk` varchar(1) CHARACTER SET utf8mb4 COLLATE utf8mb4_general_ci NULL DEFAULT NULL COMMENT '物勘',
  `rw` varchar(1) CHARACTER SET utf8mb4 COLLATE utf8mb4_general_ci NULL DEFAULT NULL COMMENT '壤污',
  `kgbzqk` varchar(1) CHARACTER SET utf8mb4 COLLATE utf8mb4_general_ci NULL DEFAULT NULL COMMENT '控规编制情况',
  `bcqk` varchar(1) CHARACTER SET utf8mb4 COLLATE utf8mb4_general_ci NULL DEFAULT NULL COMMENT '补偿情况',
  `cqqk` varchar(1) CHARACTER SET utf8mb4 COLLATE utf8mb4_general_ci NULL DEFAULT NULL COMMENT '拆迁情况',
  `dxgwhc` varchar(1) CHARACTER SET utf8mb4 COLLATE utf8mb4_general_ci NULL DEFAULT NULL COMMENT '地下管网核查',
  `ljqy` varchar(1) CHARACTER SET utf8mb4 COLLATE utf8mb4_general_ci NULL DEFAULT NULL COMMENT '垃圾清运',
  `cbhtqd` varchar(1) CHARACTER SET utf8mb4 COLLATE utf8mb4_general_ci NULL DEFAULT NULL COMMENT '储备合同签订',
  `bcfzf` varchar(1) CHARACTER SET utf8mb4 COLLATE utf8mb4_general_ci NULL DEFAULT NULL COMMENT '补偿费支付',
  `cbhs` varchar(1) CHARACTER SET utf8mb4 COLLATE utf8mb4_general_ci NULL DEFAULT NULL COMMENT '成本核算',
  `bjhc` varchar(1) CHARACTER SET utf8mb4 COLLATE utf8mb4_general_ci NULL DEFAULT NULL COMMENT '边界核查',
  `tqgd` varchar(1) CHARACTER SET utf8mb4 COLLATE utf8mb4_general_ci NULL DEFAULT NULL COMMENT '提请供地',
  PRIMARY KEY (`id`) USING BTREE
) ENGINE = InnoDB AUTO_INCREMENT = 17 CHARACTER SET = utf8mb4 COLLATE = utf8mb4_general_ci COMMENT = '工作台账' ROW_FORMAT = Dynamic;

-- ----------------------------
-- Records of zhsc_gztz
-- ----------------------------
INSERT INTO `zhsc_gztz` VALUES (1, '3', '2', '张三', '丰收路1000号', 888.88, '建设用地', 'Y', 'N', 'Y', 'Y', 'Y', 'Y', 'Y', 'Y', 'Y', 'Y', 'Y', 'Y', 'Y', 'Y', 'Y', 'Y', 'Y', 'Y', 'Y', 'Y', 'Y');
INSERT INTO `zhsc_gztz` VALUES (2, '4', '2', '李四', '人民路1000号', 6666.66, '建设用地', 'Y', 'N', 'Y', 'Y', 'Y', 'N', 'Y', 'Y', 'Y', 'Y', 'Y', 'Y', 'Y', 'Y', 'Y', 'Y', 'Y', 'Y', 'Y', 'Y', 'Y');
INSERT INTO `zhsc_gztz` VALUES (3, '1', '1', '张三1', '丰收路1000号', 888.88, '建设用地', 'Y', 'N', 'Y', 'Y', 'Y', 'Y', 'Y', 'Y', 'Y', 'Y', 'Y', 'Y', 'Y', 'Y', 'Y', 'Y', 'Y', 'Y', 'Y', 'Y', 'Y');
INSERT INTO `zhsc_gztz` VALUES (4, '2', '1', '李四2', '人民路1000号', 6666.66, '建设用地', 'Y', 'N', 'Y', 'Y', 'Y', 'N', 'Y', 'Y', 'Y', 'Y', 'Y', 'Y', 'Y', 'Y', 'Y', 'Y', 'Y', 'Y', 'Y', 'Y', 'Y');
INSERT INTO `zhsc_gztz` VALUES (5, '5', '1', '张三3', '丰收路1000号', 888.88, '建设用地', 'Y', 'N', 'Y', 'Y', 'Y', 'Y', 'Y', 'Y', 'Y', 'Y', 'Y', 'Y', 'Y', 'Y', 'Y', 'Y', 'Y', 'Y', 'Y', 'Y', 'Y');
INSERT INTO `zhsc_gztz` VALUES (6, '2', '1', '李四4', '人民路1000号', 6666.66, '建设用地', 'N', 'N', 'Y', 'Y', 'Y', 'N', 'Y', 'Y', 'Y', 'Y', 'Y', 'Y', 'Y', 'Y', 'Y', 'Y', 'Y', 'Y', 'Y', 'Y', 'Y');
INSERT INTO `zhsc_gztz` VALUES (7, '1', '1', '张三5', '丰收路1000号', 888.88, '建设用地', 'Y', 'N', 'Y', 'Y', 'Y', 'Y', 'Y', 'Y', 'Y', 'Y', 'Y', 'Y', 'Y', 'Y', 'Y', 'Y', 'Y', 'Y', 'Y', 'Y', 'Y');
INSERT INTO `zhsc_gztz` VALUES (8, '2', '1', '李四6', '人民路1000号', 6666.66, '建设用地', 'N', 'N', 'Y', 'Y', 'Y', 'N', 'Y', 'Y', 'Y', 'Y', 'Y', 'Y', 'N', 'Y', 'Y', 'Y', 'Y', 'Y', 'Y', 'Y', 'Y');
INSERT INTO `zhsc_gztz` VALUES (9, '1', '1', '张三7', '丰收路1000号', 888.88, '建设用地', 'Y', 'N', 'Y', 'Y', 'Y', 'Y', 'Y', 'Y', 'Y', 'Y', 'Y', 'Y', 'Y', 'Y', 'Y', 'Y', 'Y', 'Y', 'Y', 'Y', 'Y');
INSERT INTO `zhsc_gztz` VALUES (10, '2', '1', '李四8', '人民路1000号', 6666.66, '建设用地', 'Y', 'N', 'Y', 'Y', 'Y', 'N', 'Y', 'Y', 'Y', 'Y', 'Y', 'Y', 'Y', 'Y', 'Y', 'Y', 'Y', 'Y', 'Y', 'Y', 'Y');
INSERT INTO `zhsc_gztz` VALUES (11, '1', '1', '张三9', '丰收路1000号', 888.88, '建设用地', 'Y', 'N', 'Y', 'Y', 'Y', 'Y', 'Y', 'Y', 'N', 'Y', 'Y', 'Y', 'Y', 'Y', 'Y', 'Y', 'Y', 'Y', 'Y', 'Y', 'Y');
INSERT INTO `zhsc_gztz` VALUES (12, '2', '3', '李四0', '人民路1000号', 6666.66, '建设用地', 'N', 'N', 'Y', 'Y', 'Y', 'N', 'Y', 'Y', 'Y', 'Y', 'Y', 'Y', 'Y', 'Y', 'Y', 'Y', 'Y', 'Y', 'Y', 'Y', 'Y');
INSERT INTO `zhsc_gztz` VALUES (13, '1', '1', '张三11', '丰收路1000号', 888.88, '建设用地', 'Y', 'N', 'Y', 'Y', 'Y', 'Y', 'Y', 'Y', 'Y', 'Y', 'Y', 'Y', 'Y', 'Y', 'Y', 'Y', 'Y', 'Y', 'Y', 'Y', 'Y');
INSERT INTO `zhsc_gztz` VALUES (14, '2', '1', '李四12', '人民路1000号', 6666.66, '建设用地', 'Y', 'N', 'Y', 'Y', 'Y', 'N', 'Y', 'Y', 'Y', 'Y', 'Y', 'Y', 'Y', 'Y', 'Y', 'Y', 'Y', 'Y', 'Y', 'Y', 'Y');
INSERT INTO `zhsc_gztz` VALUES (15, '1', '1', '张三', '丰收路1000号', 888.88, '建设用地', 'Y', 'N', 'Y', 'Y', 'Y', 'Y', 'Y', 'Y', 'Y', 'Y', 'Y', 'Y', 'Y', 'Y', 'Y', 'Y', 'Y', 'Y', 'Y', 'Y', 'Y');
INSERT INTO `zhsc_gztz` VALUES (16, '2', '1', '李四', '人民路1000号', 6666.66, '建设用地', 'Y', 'N', 'Y', 'N', 'Y', 'N', 'Y', 'Y', 'Y', 'Y', 'Y', 'Y', 'Y', 'Y', 'Y', 'Y', 'Y', 'Y', 'Y', 'Y', 'Y');

-- ----------------------------
-- Table structure for zhsc_land
-- ----------------------------
DROP TABLE IF EXISTS `zhsc_land`;
CREATE TABLE `zhsc_land`  (
  `id` bigint(20) NOT NULL AUTO_INCREMENT COMMENT '序号',
  `dkbh` varchar(28) CHARACTER SET utf8mb4 COLLATE utf8mb4_general_ci NULL DEFAULT NULL COMMENT '地块编号',
  `xzqh` varchar(10) CHARACTER SET utf8mb4 COLLATE utf8mb4_general_ci NULL DEFAULT NULL COMMENT '行政区划',
  `dkmj` float NULL DEFAULT NULL COMMENT '地块面积(亩)',
  `dkzt` varchar(20) CHARACTER SET utf8mb4 COLLATE utf8mb4_general_ci NULL DEFAULT NULL COMMENT '地块状态',
  `dkzl` varchar(200) CHARACTER SET utf8mb4 COLLATE utf8mb4_general_ci NULL DEFAULT NULL COMMENT '地块坐落',
  `dkzb` varchar(2000) CHARACTER SET utf8mb4 COLLATE utf8mb4_general_ci NULL DEFAULT NULL COMMENT '地块坐标',
  `tjrq` datetime(0) NULL DEFAULT NULL COMMENT '添加日期',
  PRIMARY KEY (`id`) USING BTREE
) ENGINE = InnoDB AUTO_INCREMENT = 13 CHARACTER SET = utf8mb4 COLLATE = utf8mb4_general_ci COMMENT = '地块表' ROW_FORMAT = Dynamic;

-- ----------------------------
-- Records of zhsc_land
-- ----------------------------
INSERT INTO `zhsc_land` VALUES (1, '210801001', '山阳区', 80.52, '完成收储', '规划待九路和建设路交叉口东南角', NULL, '2020-10-22 14:27:04');
INSERT INTO `zhsc_land` VALUES (2, '210801002', '中站区', 100.52, '完成收储', '规划待九路和建设路交叉口东南角', NULL, '2020-10-22 14:27:04');
INSERT INTO `zhsc_land` VALUES (3, '210801003', '解放区', 80.52, '收储中', '规划待九路和建设路交叉口东南角', NULL, '2020-10-22 14:27:04');
INSERT INTO `zhsc_land` VALUES (4, '210801004', '马村区', 80.52, '收储中', '规划待九路和建设路交叉口东南角', NULL, '2020-10-22 14:27:04');
INSERT INTO `zhsc_land` VALUES (5, '210801005', '马村区', 256.52, '收储中', '规划待九路和建设路交叉口东南角', NULL, '2020-10-22 14:27:04');
INSERT INTO `zhsc_land` VALUES (6, '210801006', '解放区', 80.52, '收储中', '规划待九路和建设路交叉口东南角', NULL, '2020-10-22 14:27:04');
INSERT INTO `zhsc_land` VALUES (7, '210801007', '解放区', 80.52, '完成收储', '规划待九路和建设路交叉口东南角', NULL, '2020-10-22 14:27:04');
INSERT INTO `zhsc_land` VALUES (8, '210801009', '山阳区', 80.52, '完成收储', '规划待九路和建设路交叉口东南角', NULL, '2020-10-22 14:27:04');
INSERT INTO `zhsc_land` VALUES (9, '210801010', '中站区', 100.52, '完成收储', '规划待九路和建设路交叉口东南角', NULL, '2020-10-22 14:27:04');
INSERT INTO `zhsc_land` VALUES (10, '210801011', '解放区', 80.52, '收储中', '规划待九路和建设路交叉口东南角', NULL, '2020-10-22 14:27:04');
INSERT INTO `zhsc_land` VALUES (11, '210801012', '马村区', 80.52, '收储中', '规划待九路和建设路交叉口东南角', NULL, '2020-10-22 14:27:04');
INSERT INTO `zhsc_land` VALUES (12, '210801013', '马村区', 256.52, '收储中', '规划待九路和建设路交叉口东南角', NULL, '2020-10-22 14:27:04');

SET FOREIGN_KEY_CHECKS = 1;
